sea_temp,pressure,wind_speed,humidity,thermal_energy,severity
22.49080237694725,989.8161714019745,59.985890786427305,66.33572495953527,31.404682048308715,1
34.01428612819832,973.609636634412,156.3132557921567,63.54273143408117,29.637455888639977,3
29.6398788362281,950.9527616286327,245.69537568663023,31.7949446064505,108.7505496625244,3
26.973169683940732,1001.3795019706948,207.7007193305815,53.887347933830945,29.94554398194073,3
18.12037280884873,988.4731172553879,227.77150992259143,56.613693315009996,32.63396713543572,3
18.119890406724053,936.2616939344891,187.8715090118937,57.91759466278303,91.12779149015564,3
16.161672243363988,1011.0927184493843,196.91467241982016,70.61206584591326,53.9687810940648,2
32.3235229154987,1002.2537242923169,239.28282592263622,67.3521782708815,93.20526683462174,3
27.022300234864176,1014.9799913291924,77.4103623919802,72.55335649554112,7.843938907726229,1
29.16145155592091,992.571950838836,142.14474018364794,83.54182830794898,58.50854324080612,2
15.411689885916049,981.3415195935789,69.7265492912926,86.90900171012655,4.033632021993916,1
34.39819704323989,961.8243036290619,276.6703621590947,80.2686153358546,7.518384414642543,3
31.648852816008436,1013.2728483354014,264.8960217153856,96.88665871684543,108.77249440132931,3
19.246782213565524,1006.6063889500408,20.645239069496593,31.276280787345314,16.70944453411142,0
18.636499344142013,924.521867010619,200.50529657923587,43.70445899784823,63.890481873026054,3
18.668090197068675,922.6366974497251,259.81704570222973,30.52940124846995,49.331472312084784,3
21.084844859190753,957.6463366878049,58.75534318438005,75.32322999082221,41.68119915106112,2
25.495128632644757,1001.0553330781833,163.34521224920996,92.86213842649909,107.9800014824727,2
23.638900372842315,1018.7276129314945,257.1818403487713,47.043760760340945,2.61880761305874,3
20.824582803960837,935.0416891103528,19.165414218165687,94.89241813574147,79.6547623410707,2
27.237057894447588,979.4130715352135,198.3034721566468,34.21871732026926,115.60733210562606,3
17.789877213040835,958.0890856631022,90.28423199058871,95.410521876386,67.22018201542103,2
20.842892970704362,1016.9914397814603,259.5869727516632,54.61358810677441,112.41869544397102,2
22.327236865873836,1004.2118923135708,272.1857261946493,37.099457991445156,6.270945514322852,3
24.12139968434072,1003.8328704711138,264.95195206062715,64.01102314304279,50.255198288899365,3
30.703519227860273,966.8693159794971,138.03783849751522,47.97435974043556,31.21893491544614,3
18.993475643167194,961.4819502337665,242.75151576711463,49.94110313733459,87.69851579768758,3
25.284688768272233,947.3407071930707,238.02833760446902,51.51029754484006,117.7556508596696,3
26.848291377240848,925.6375496650927,96.15712777567902,86.21181284828644,30.783607493309738,3
15.929008254399955,1006.4722376255053,233.80717802068287,67.74128936726781,78.50095217688893,2
27.150897038028766,1001.2901009130078,19.992061373183006,51.791538940920255,23.771715931168814,1
18.41048247374583,1019.971767328613,170.99286719015433,72.72336483176429,67.83963054859319,1
16.30103185970559,1019.6636837073905,72.10238606767982,80.13054719562355,55.67189840260034,0
33.977710745066666,975.5431705602628,42.55305915986528,49.083680051347365,116.64063955578445,2
34.31264066149119,996.8987415180511,30.777364439886473,58.948437106774605,73.02327272357599,1
31.16794696232922,1014.4765729882428,197.99796948709772,38.53202653358633,41.94076465041825,2
21.092275383467413,1004.9647390677411,101.76624021737786,42.68045446742762,13.691494186552005,1
16.95344228012768,944.7348101743198,205.6870283127656,77.6782497775488,18.149619448192148,3
28.684660530243136,965.0544135310093,27.64621201571444,42.70068433869389,27.03803159414821,2
23.803049874792027,932.9159415151495,95.1283912142648,66.76143685669422,30.115999360835758,3
17.440764696895577,1015.4051027258722,155.66264894134105,79.63323832057029,102.07392694093653,1
24.903538202225405,980.617463445088,223.49525450652015,37.48138461663207,67.346734593903,3
15.687770422304368,942.8642805503463,96.06317579165888,69.71185537402326,62.806909364923975,2
33.186408041575646,987.1700684405856,178.99067163799245,47.95939485909547,13.772264624306096,3
20.17559963200034,981.8128240457896,249.21399202377052,97.40488126663058,103.2167632019322,3
28.25044568707964,955.816271803284,176.28306080922223,63.84819527039473,86.73771638501805,3
21.23422152178822,931.3557592199629,72.89905818348112,86.41947848426108,8.12020342800019,2
25.401360423556216,987.1573195592799,16.588211020265266,68.51585795093833,84.94021166757224,1
25.934205586865595,972.0307700903793,244.92669595325106,33.03887729983734,65.22458608111752,3
18.69708911051054,997.2318391735639,15.742740929604526,74.32059629158157,9.80704148961339,0
34.39169255529117,972.0163501111994,246.16945162473385,96.598233954466,54.996076983438776,3
30.50265646722229,1005.2181500318541,152.81302618734725,72.11282741024318,58.163554455605635,2
33.78997883128378,975.1906838774486,263.54827859848194,87.34322015987532,19.89294481959309,3
32.89654700855297,976.0937971535386,225.67147365888965,91.89445243438854,113.48377764003388,3
26.957999576221702,1007.6653602658345,279.4422098440011,45.96558403642527,101.99704457767943,3
33.437484700462335,960.3482866212397,104.69219017196174,44.84313879357586,80.282680479493,3
16.76985004103839,933.401522845064,217.14083801140427,72.76866921956942,55.475467320072866,3
18.919657248382904,922.8782676313339,118.52134667449538,58.771992886469334,49.41186499014102,3
15.90454577821076,995.5137255673619,139.56641748205539,88.79029120067042,78.1168160581145,2
21.506606615265287,982.0309551353465,179.42647506895992,93.00161863786079,65.45182432882865,3
22.77354579378964,990.4079768099224,245.89282083031145,54.73949655119027,7.472772705826274,3
20.426980635477918,941.2964161508911,275.7025366838097,46.58093912821374,61.50031785243981,3
31.57475018303859,933.6371475586769,217.4338217434199,84.63678606707032,96.76843406794075,3
22.135066533871786,921.4544665667881,122.79703118518012,49.23642248836953,55.10878531163497,3
20.618690193747614,955.0587558806596,123.76639061480896,87.58300229595748,6.2347893065122095,3
25.853921663164968,978.9917686854633,209.1472214290007,59.66167775541339,94.35338392608398,3
17.818484499495252,959.2244045099733,74.46982935744163,76.72849295040294,24.163653856316927,2
31.043939615080795,963.7474922023729,39.82801054547656,36.68747196842677,31.034500186564653,2
16.491012873595416,1010.4158694493749,105.74798256300967,73.67015272736012,19.76476241187551,1
34.73773873201034,954.82554670233,87.55452774660206,61.62373751160604,39.625807784579706,3
30.444895385933147,971.3989489159811,90.00319252311732,71.06259242228319,90.8101806826362,2
18.974313630683447,998.3653012741142,73.07409278347569,41.76099454214044,62.32630314047248,1
15.110442342472048,959.654278232127,21.365161201817706,81.58116214609275,24.585752898085506,1
31.309228569096682,982.2086700227874,14.825962378021728,90.39579542802599,105.3396093782449,1
29.137146876952343,1006.2363708746745,276.68504522872854,45.171786006354296,105.5498225941835,3
29.580143360819747,1014.9520623657642,125.49874610868284,36.70001888641132,104.46941100552083,2
30.425406933718914,934.7073480929038,113.76819473311406,31.654701023243547,28.655545365784715,3
16.480893034681806,1012.6587625161494,193.50476632712886,74.93800503102862,54.148721301718574,2
22.169314570885454,969.2116293079538,68.92854972356733,72.49658252621465,118.198758736905,2
17.317381190502594,945.8244388298958,266.48951966656085,68.2688188899849,92.64149715719884,3
32.26206851751187,965.9135756238261,222.31315389219904,46.236296728118276,3.260090547067178,3
27.46596253655116,1018.0032575285477,34.14097062431007,57.36341971338602,7.824550951259046,1
21.617960497052984,969.2618093992869,122.74680946193065,71.61334346303212,55.67176521747993,2
16.27116700572047,952.8751610287509,247.36194304178446,64.77368012014185,109.10642470338722,3
21.219646434313244,983.3400854316726,265.07764601868075,99.14498641504211,64.6442157543257,3
21.503666440534943,944.0145618778193,136.19840803746484,39.550782678971316,59.73750096411483,3
29.59212356676128,927.5863328108663,175.62107508689107,78.66011878333157,12.65684399479567,3
27.751149427104263,932.8879721910649,55.09916544486031,58.30231376730045,78.81361256691528,2
32.744254851526534,932.8045838957772,277.6155290569837,59.973973044793034,98.65237927202706,3
24.444298503238986,935.1902693512294,72.55135937352972,80.23184359607234,45.65040090090748,3
17.391884918766035,933.882717264941,264.53757901648396,78.47053059270587,93.07342211103929,3
29.2648957444599,984.0874744803215,185.4045952279395,99.38791955915318,115.73719846809739,3
30.21570097233795,938.1880084399145,174.08893461729195,38.98760026178877,24.45197509532269,3
26.225543951389923,954.5667283323863,148.4258979744573,37.28767545689164,62.799555743368956,3
30.41934359909122,1009.6788409906012,72.28084916379484,80.70371719901189,34.456554970149064,1
24.875911927287817,967.3961640262872,57.66256864148723,70.48708419044863,95.14253028406073,2
25.45465658763988,986.7557738521027,69.53127644894735,49.19124665918641,69.3112039057389,1
23.550820367170992,937.231987120163,60.33833077894872,35.55935582922906,76.14989010603645,2
15.508382534881903,939.228901880867,220.4878078630234,35.99607747175014,95.74969915390729,3
17.157828539866088,924.0868616266479,104.53381997501712,92.59336122648827,47.516456719494585,3
15.628583713734685,936.8935063072165,25.61752267211702,43.430712730312,109.81080820884519,1
27.72820822527561,947.8590339031958,271.65771013801907,52.63600934808645,63.9634640695368,3
21.287119621526536,937.7010484276747,248.62218894012494,45.86594815588916,18.95457874024176,3
25.171413823294056,928.8702533757056,260.49311646270746,54.849741408235616,83.5078941802563,3
33.15132947852186,932.0635871100601,278.6251121145375,34.85966899222654,95.19136205259053,3
19.9858445829775,966.0778768032726,56.951717289261566,66.33418536357892,38.0114012481032,1
23.207658460712594,940.6333718405792,116.98534510371786,34.73287945145504,102.86151083985035,3
30.111022770860973,956.4269861048075,214.72438844010466,86.02495554756531,108.73719057189197,3
19.57596330983245,970.3417270854857,197.9255668745239,46.35984573373031,33.22853848533707,3
16.53959819657586,989.0394828629366,51.551894711760866,67.80083402231574,118.02257672582665,1
20.79502905827536,923.93121398411,230.2749437474668,91.60553612930208,16.88538336585101,3
18.22442574508009,999.9410398909042,70.59895439589837,75.56141583330358,24.241880208298795,1
33.59395304685146,982.7900389490908,70.43075600210824,67.30704505859347,22.106980708563135,2
31.16240759128834,928.1759031948872,154.98309418122167,52.70336271807629,107.27876520094445,3
27.66807513020847,1007.3578624106777,170.09378240725985,53.31013391407386,78.51510627899542,2
32.429211803754356,1012.0872400531813,166.623276116209,76.86408686387331,18.252513986672746,2
31.07344153798229,926.1077959854864,34.70144609739381,99.58975528548173,52.83881020420188,3
18.731401177720716,947.6877648147204,246.9144329102027,76.3287432894565,73.83576300837625,3
32.85117996979956,1000.6201279793062,81.71201149895063,69.04483921590175,10.015690198725995,2
25.786844838313016,994.8259690383659,44.969028746357125,81.14553571674722,105.88996420888064,1
31.14880310328125,938.4521019356378,249.96198156462384,62.56439285986027,96.43242425298422,3
32.92182599846986,940.934932333671,268.0259045220334,34.209963982054965,60.624812829196586,3
21.360069499437277,957.0472102791382,242.77445666167168,69.36077711145369,116.05519383110045,3
17.201038490553536,968.4522985191021,228.5693401757171,97.03376991537661,50.131317513011965,3
19.558703250838832,981.8254771530296,186.91533477253586,42.271205965036174,118.09323828437974,2
23.542155772525128,956.8913639569772,158.7314900644676,78.3003423574466,80.15039985643524,3
31.36029531844986,966.2534716133148,33.486425176080736,44.06535820613395,76.16055279047298,2
32.21461166512687,994.7470938133756,120.28236752908865,67.50793791311568,19.914587435494198,2
15.139042610623815,923.6683202890598,110.62589959332477,36.767351475270374,105.83133099655728,2
25.214946051551316,945.2436944344021,80.13352161528807,61.52596553807296,51.29876255047382,2
23.348220062975578,991.3349585884553,205.32343069591792,82.93143302266722,19.468008693897524,3
19.442156209414605,1009.5206837687199,143.88644847126812,54.330006696728745,1.5129023970910849,1
17.397307346673657,971.1677442115666,31.882478295064942,76.54382071410527,67.17068203660591,1
21.75230342807256,973.2113485265315,69.44946452644906,85.68149725528104,63.28795465472116,2
33.858194078250385,930.7172011339776,194.4798661880909,94.90244736356169,86.32243468429903,3
21.464058640415104,964.7412366823455,30.55533206238105,46.42494572988175,106.83096636213625,1
25.37581243486732,973.2617266455023,239.82586679316753,57.95211410665157,9.528790157163542,3
29.060379177903556,944.2470503634729,143.68956229377306,40.66912093312922,87.77957884084348,3
22.27259204758588,946.9243230949381,139.75837587819495,99.47384515108627,22.489433291709865,3
34.435641654419214,957.7284163104623,169.95010185806976,94.89006775470067,102.98124637885968,3
34.24894589884222,922.0071197777727,232.66386079979029,67.79699911963917,98.28762166339874,3
20.035645916507285,952.2079165583178,103.90848613359212,88.94233060634949,64.89525059826532,2
24.94497011784771,941.1448006996544,193.06436119094715,66.46705840904295,85.22913583479738,3
21.017566196335395,952.7497352177915,162.7476302788636,73.65099816019318,37.722013582049804,3
20.696809887549353,931.9762131819251,82.09763294574375,36.238710248121166,56.540147871937755,2
15.737738947090655,1009.0527280739896,247.23009631589267,82.86892943477656,98.5964277252566,2
27.191286679597937,979.3592453554048,225.3050258338706,38.939943854466435,55.11182366078567,3
25.05358046457723,987.910231914449,187.7819953577749,87.824734117677,42.93579183905302,3
16.029575024999787,998.9171238607338,239.65706685544532,84.741966136927,59.305493670035986,3
20.57292928473223,969.8442198929057,244.16943425914664,79.61212884200836,99.3899102924662,3
33.165317719333075,928.6920288087424,201.2580037130594,32.53122663673335,40.224965684504724,3
19.79123781333945,973.7106541818548,235.99359865819144,51.218984916173,20.851391176289255,3
17.897897441824462,978.684111802088,198.31729465070657,48.417879893759,85.4416824396937,2
24.78905520555126,994.5439474184329,193.63800837528112,55.20954852300633,99.11738552496982,2
34.71300908221201,963.1659546229679,177.02507211809976,36.1349922734687,12.076497422824,3
19.84110543023001,932.7580302795564,213.23349268056313,95.5870476121744,28.78489353071337,3
28.442710948117572,948.3775905798725,52.823378429129896,68.76615684986635,17.036638771319268,2
30.23239230657435,956.3082296398635,247.83510498371066,51.38670174606165,41.75296938986,3
19.752750879847994,984.5917241331601,245.39775249121263,57.788706195199836,54.042117468649515,3
29.56432697223719,977.0778304668912,17.89676641933097,61.30417783533849,89.85916043559678,1
22.355662654385064,955.6096725897846,232.97052265248593,72.04160333524321,78.1377101858009,3
27.64611661187159,1018.651524879298,44.7948642178302,66.09755993875484,74.51142809741174,1
27.670594215217896,980.5774819356888,100.48209064996831,94.35743812500921,42.28499359315853,2
25.71549368149517,943.7226791735994,210.7472291987341,64.78744380340811,100.97370637017119,3
16.805795401088165,930.1782472620404,53.40517193304321,99.45106103763189,56.554460087779745,2
31.70604991178476,935.2859139184332,230.8510965121468,89.59974704215671,117.49259256181854,3
21.415601299434716,944.5957728384508,234.6762280485903,44.59573600501351,76.09705659548843,3
18.730370207997083,936.0681373259556,147.01628811542577,95.14166502507413,15.15176898774033,3
15.815502831095278,938.6567024051305,11.724185363545066,38.14564785198333,81.14130744905208,1
26.817858863764837,948.5095168693847,87.50029595722646,87.22147959438341,39.01248185180388,3
28.55128723684565,937.3373595294755,176.57026796145038,56.6436305433606,82.3592636023317,3
15.331756578557123,1009.6765424626425,274.9202680674043,91.45820243115486,8.356937779488689,3
25.24186116598562,928.0233745661642,180.58965229450047,90.76396830752152,20.985772461115126,3
19.529915503958758,972.4511389570255,80.14696688732315,86.41477800823348,102.68847106869435,2
27.903455808188998,961.0396826989662,181.18153983689507,85.3021305414943,27.261546842821787,3
18.487328580099827,1018.2378616908607,155.796052523281,51.32753973686285,100.4449350291528,1
28.81875476204932,931.2038902168052,220.55825669080878,35.66434981358765,33.51313061452925,3
22.734706926010748,959.7855599045741,38.884772483278766,58.208612513561306,77.14582920704491,2
33.73459977473469,1016.9470433275369,215.47753367554756,42.146716049055605,83.29806882117973,3
17.750418882919867,1006.550712589398,156.1419762425498,78.64657622317232,61.51857037740635,2
21.82132702100517,1001.707207094928,270.00784104192854,54.22698085764499,36.637281203607756,3
17.269470424811782,945.790282704494,102.30548483044524,98.29271406019404,25.517325164531535,2
33.49387236557126,937.0887587390066,180.807911146166,74.86804541417324,3.9827225474911465,3
32.54678706761962,986.8643219924431,261.64758848770475,87.57363945440527,36.473568148886855,3
20.15883255430311,1012.9375989127586,37.6776265574834,39.27672709192939,78.37953486375396,0
28.19968092068358,975.676289301393,263.0516915538418,90.34101375908358,112.59657821381792,3
31.344444004024318,977.1612689469899,195.7291450212196,94.59300333593761,104.54453787156625,3
26.10401623198925,947.9979093660285,28.316005958396413,64.09433431732552,91.92777318423632,2
25.59301156712013,996.9492933191937,91.26016307564039,72.43770564256842,94.61368119039584,2
19.837045818009035,938.7043748557523,201.20646393422604,83.53668606320969,79.79818841711943,3
16.862055356117985,952.3679236404244,28.18466239656836,42.23870390822888,31.23442290792036,1
32.944315159066534,962.5436438616417,167.1860242475938,65.17962535244098,108.86340368469958,3
33.00836114326661,970.7610378684456,103.38842537729832,57.906411944061915,80.48787742870009,2
27.66202914546536,944.2409732415081,177.64718979721883,40.246179451357435,67.2528757176528,3
21.780595820974014,931.4836824739203,22.350349129378472,55.727409560407196,13.31873630561773,2
21.984191492253217,981.0620042441633,245.31493766114158,34.77206165698455,53.64666525677105,3
29.519113577404788,948.8630553240256,272.84202167789715,31.80683348646409,55.24299254423116,3
32.94220519905154,978.1238221422612,271.5970209271367,39.461640240837596,103.7476331427204,3
32.741728485302346,935.4362715274202,212.40599457058968,97.41805781124216,65.59778642253461,3
30.597510917152476,968.1140101854818,45.12328483527063,68.46706751265118,45.64806587644916,2
27.840632923085757,973.2589432551586,214.7310629008361,97.6075512807254,117.21603942127912,3
16.682799299900978,925.1823536822427,16.638467443876408,60.27485148310924,13.28647119915788,2
18.232574281892276,953.660427819392,15.973358912829259,51.82712931596817,50.70581139743335,1
32.97108377054158,933.4414676938974,97.37475917037614,65.42993039881708,5.042961020568635,3
27.1285811931918,926.3374970472768,141.93366140925974,60.76581820430371,88.78849449203165,3
15.183941032332593,1018.9960232389946,218.01000280810416,37.39652789832208,110.16918626389807,2
17.02943085732064,952.2353844974723,194.4897516837564,74.85784202831444,33.604479546058734,3
28.270035382161115,1000.9874445854634,130.39373072172205,45.12267277567197,103.0010012158945,2
15.101231676924375,945.4640654763764,83.87919989604978,73.37115684284808,35.06618765542773,2
18.216161028349973,988.1502722223929,279.223615042582,75.51407646787074,109.29241939726982,3
25.974675787331723,996.0227859889686,125.06895160371269,40.64173971900537,90.47542843161408,2
28.837903953853864,979.5638740607844,131.87449656901236,34.29447389774677,96.58881322097264,2
28.03922519005201,967.1576188550158,54.17843172175068,84.65331102479078,2.16078667205454,2
19.485386189211198,961.1840914147268,224.59857816248092,62.18602966385241,115.53724284888311,3
29.24358442695072,954.8868266542995,197.29420096100193,34.0714656853833,87.20051904843879,3
19.744981749936002,1012.9529144247826,69.6077954529653,99.6406422018837,36.570131446336,1
21.507993963185356,1003.0619407787729,32.24288231627753,34.044639269745666,99.52735978306163,0
29.92982810236048,1016.5026910666512,193.73481156017255,78.65246602009873,33.78254380979159,2
27.992657980944294,932.4297223485545,186.7180278559065,98.85752476843895,104.73046074793535,3
31.98446820988356,993.0867475203644,83.78007228951651,46.742607295114794,13.509646849432443,2
28.15225784600687,1013.8340456821038,266.73316180761077,39.95745580810373,84.4423172952955,3
26.36617206670943,938.123306616566,50.785630780843064,38.496945759570025,64.88381719738923,2
16.87349535656185,926.6496267366778,126.73039628150252,51.22926032973169,11.584136423452897,3
22.35431606118867,994.1120649290059,264.77629844525165,37.073206770745266,29.027259391060678,3
20.30404735363451,977.4473113179912,123.32637557005302,78.45129391858924,1.4884843532777747,2
19.87979286758167,1004.1828776758272,182.4020058693031,34.36042586910439,56.252155855740696,2
34.46021109504891,933.9772376626289,117.35048744995446,65.65954897048528,36.15183129120005,3
22.861954493335208,999.526731185989,84.03810463414091,99.76877976970837,71.80289811573105,1
32.84093110354227,940.1627320047744,275.6739649491536,86.97791886542132,35.66853692503406,3
27.622772519945258,936.3655942865704,120.52018170506162,73.06536067617077,35.99029338083816,3
30.896226070832967,936.4265797930993,251.4067849933663,51.43775345506282,89.1831838477924,3
25.052741862103844,1001.4574720231382,72.08774359059328,73.6727085404147,5.777140317402414,1
26.53807769252718,986.51972206962,67.53827008677249,66.89290247381561,108.34739942303847,2
24.850353876377277,972.3065424769119,18.406202378818065,59.82583687232601,102.27166492694178,1
18.90485975596089,955.8830484123503,185.95004285148897,39.14972637181396,80.13656198716878,3
29.44904230523011,1007.7200540813108,109.5021128054155,92.06229506683266,71.18658841288611,2
20.615447248817116,959.2445107422635,243.376727456702,61.484925417492576,107.07629977675826,3
15.486319328629076,1001.6599439471577,137.76667480672043,43.62357582745356,22.239621543445732,1
27.909445918143355,963.9134908570219,271.41222553697486,55.74315456141027,9.476299462899433,3
18.542213588140978,957.6944429424908,60.09188923984271,58.989082677024896,28.741220389144573,2
33.80917168705828,966.2679785669607,244.5282553480149,87.9276526896812,95.34939344402284,3
34.07857154005175,950.1377874164142,219.68115025377026,81.35300663929814,4.160432007177999,3
33.29728780440897,994.7609380176251,218.14889805389404,83.85134255489379,69.93682021001875,3
22.403174005108887,970.2720390092479,238.09147159155967,30.772188510005304,119.4525019429572,3
15.309132330577349,943.2212695146817,215.4764775546097,59.130779872583304,102.68353126050474,3
33.566371251754504,1009.9574573274568,179.07948684048216,63.69409061447266,62.573482685230736,2
23.563682966346285,958.3891221373211,45.43611697424465,31.343459377613968,7.636909114397081,2
34.33309638087339,974.3552861113989,18.782068462638016,48.186924612152396,99.76482172628518,2
34.272399541785056,1010.6472110964547,258.6289189102355,83.22028761854945,71.87742098126526,3
32.060189109347206,982.4237995913992,176.49558492059927,39.597679401029936,13.791959647148019,3
20.888977841391714,931.6898040708364,225.0650685635676,67.47170920168142,11.262874178802743,3
22.701954572038506,1013.9832123613476,140.01103490838852,45.06413104120662,109.15521833239109,1
32.02273343033714,982.7708053071418,41.673211019846505,30.84845422507253,80.30403155256941,1
21.338440103125553,953.4905614657087,43.800163894688616,46.8841020319679,99.51441591801067,2
18.38985493372185,933.9272072663388,195.10262755182228,98.31116284370377,105.47746803387209,3
26.136025249167005,999.4025189270296,126.18259162285493,86.10759783180927,68.61268224579867,2
33.723095483215616,982.0072755928513,64.14167620909092,97.17036510247233,62.09356221060495,2
28.92059593349946,973.3461091976321,142.73052762018796,64.14978307484537,51.65128923851882,3
26.4012234017873,1009.3892583050957,27.336413010286204,37.68153390742525,38.03359053493431,0
16.943529875415372,998.859721122453,167.13227851688768,68.35716422815851,52.151515303045414,2
27.300144533983396,935.1674879732751,82.62821919747637,61.80641341919726,92.86555868761877,3
34.801077002085265,951.1722067795548,225.3409571720408,89.10499579177312,72.23081172181578,3
17.801680304730482,944.8489139814466,93.79772890936492,36.86578065489712,107.10279479458153,2
25.366593047274733,994.3946292572678,132.9094402520863,64.17687959152448,53.205601725502525,2
32.54746143855911,923.3532434735779,13.13754577518717,40.5034065285789,72.85074944625049,2
29.815372355084087,976.9889684871316,29.5606597045309,52.7273148823042,75.75690637103864,1
28.94031481990536,996.245868574069,115.97326022980491,81.61499541714598,71.00365947675907,2
29.049681679742186,1007.676563676175,139.58348537362335,63.32126905581366,84.31605277026196,2
22.189823024395103,954.2081748715907,172.005547992212,56.31217996020385,28.492016204976753,3
20.871836885289866,1002.1257304672013,88.74889625151187,57.61333949990247,61.483653305494876,1
31.187223109570272,931.0631736955207,197.6451092541665,62.16127378841907,12.50697633700172,3
31.202267893583617,1004.6452291734519,242.23304724108525,84.95115806859398,46.14135931737751,3
32.341446371602075,932.7488662331982,220.55976700120445,92.4459282258164,58.52004823455173,3
33.26481105112943,959.7287290560367,20.69708284405643,96.87342805527499,78.2669111454567,2
25.226847977218757,999.7295365779554,139.7368757596138,85.08323703787066,114.06372631034442,2
25.030325893743992,934.9917427348773,38.33114817290721,52.07848270236089,72.07812798580271,2
30.965903579335503,942.9251395232642,75.35215428288241,78.16942942605795,89.23126994118718,3
27.999278615555305,992.2252568393067,276.3989001821295,60.63221868387743,60.75192713942433,3
29.03933754515407,992.0036536546074,48.47379658340857,47.82694354322358,76.09248376515976,1
30.91585338872202,984.1147632885297,144.69980143186615,88.86101055981459,8.51186593605281,3
32.800106836351326,989.39484444671,176.90204826589215,32.68984442736275,30.526989701021638,3
21.759903137030715,974.2724443347596,199.66554204690806,93.12333944947964,43.422371184616644,3
22.51165905279888,945.1799058906953,161.1051445414668,62.30342252373139,56.69920260078163,3
16.87963879681738,954.569599350392,12.638128803179587,74.60410337657963,5.477849460286048,1
26.56560281992348,938.1597716801425,98.14455322587781,76.15477455440478,16.80289170639812,3
15.718845475934842,1010.8450561333628,149.78214371387207,92.65824184945754,33.21771693495669,1
24.311960362649202,978.339179476612,33.723954769105006,74.56687775170451,116.58392290812608,1
25.85289269415153,960.085141676364,104.6692714264788,72.97535093320433,39.76164085236609,2
20.730825042565687,966.2005803644133,18.964839373668973,34.6656428392483,57.8449269734499,1
26.816665211380215,1014.7283339611815,31.2161942318556,66.28856153616428,23.531725528607154,1
15.610004998780989,935.335140311608,117.16928457443093,40.51183005719292,73.2936085290922,2
15.746963774984287,978.6229832016797,45.833253591626296,81.62036381050399,33.681985861916914,1
31.452011213193167,970.5888678884467,163.2360290306207,65.85553445688721,24.839109412611215,3
22.20381282822526,981.1454235434647,196.15554166706175,77.61594454458474,61.98871541351749,3
17.541210253037697,921.8110183820841,226.15840875945239,32.9171030421669,0.6606958992504985,3
25.444865201096086,1007.2123908944152,64.04056594609872,35.935441123206225,0.9196839179070393,1
30.399871061972217,1013.2118282483613,55.22029720994883,80.14263716438776,26.288257092222935,1
19.316420549936865,976.5133183589209,38.233316890288066,35.045903519907135,4.406563500098537,1
27.457809516380003,989.6650823876893,181.8361673767819,34.9879709435681,12.963090495682966,2
16.70694929987536,1012.2499381177296,200.7484461514633,30.84759326644212,40.66327792065019,2
16.033634423372153,990.7238634313399,18.52825910292335,96.9550978809636,96.31028154957754,1
25.62709263136296,935.2539042914261,262.77730648579626,81.62558516213048,68.6458372043161,3
25.81270243220213,977.6288360166814,24.032246585897553,54.72759859514449,61.52012711476997,1
27.748598029964132,980.6715046382856,156.150010531289,50.75749069013587,35.21865878497459,2
29.52182667445323,962.4130671302386,201.44634025174744,54.479226082209465,111.81044633193797,3
34.517041589250695,993.6444235624723,245.1616634114431,84.22574718268274,47.641804948463,3
25.326006966023904,1013.4367014769015,202.8034716757555,76.29594277492902,10.451132015492579,2
21.45912945882492,1012.5568512906776,226.4665824288438,42.96368975072276,74.04798193413615,2
30.90372389537407,965.0839371404132,101.65155198655764,42.18765347338591,13.660607217192169,2
20.416645025241486,931.3238045840756,230.0027807115583,36.88769547993781,41.42677713620305,3
23.779428414112722,1018.4841198962334,31.63100852386229,76.22119037909367,60.88943264613707,0
16.56912762684532,1003.8898086445934,251.60049713634245,83.50608635552152,104.90670296222109,3
15.50701486830915,932.4662681203267,157.84994156150879,48.55324998275028,59.22558964081424,3
34.2529682935585,1012.0841882617373,230.6703978898733,31.466147272163898,84.27105192379972,3
31.719602410244118,1006.9896362062128,132.12593681994105,35.75201672334991,119.13802067988844,2
28.91948412187396,971.8838057126072,183.76597770306174,97.75020243915213,15.778694387757795,3
23.179058888285397,979.127543574493,152.12871845275058,50.68113442341942,32.96778306234234,2
18.465886401416917,959.900270387013,207.52917087393962,83.84562034866934,47.34912907171757,3
18.12874085342172,925.4761638822031,32.040095148259184,73.72644981979846,50.619381424659764,2
20.004857963291904,953.5197241645901,26.295062677452226,56.73577477570271,49.32252903186549,1
25.984533294122407,1000.2853448598012,76.71787318273954,44.398108353688855,108.91332030678659,1
29.291918454001248,920.4632023004602,53.07706363056085,38.497049271158446,85.68391733602277,3
28.203947534354626,953.3499171691144,245.38156297989445,73.05090776272067,72.94862569088446,3
20.598677938918858,959.8168693590943,69.18777658667196,84.22436464464516,37.12472614353385,2
34.097305613263885,973.7395602937922,273.48361907116544,75.07329774787914,98.85484610655536,3
29.75793833391537,1011.985561641276,100.96186377819885,67.12114932744109,114.60726137819867,1
26.087081050228015,954.6345994365961,59.17183723594881,32.93658564021454,98.54379390602719,2
27.234414924687044,954.6953201896227,223.21859692846937,97.79421443160686,0.1878126229767485,3
23.3920012485558,993.7501248109749,187.85109938523655,85.90999341582022,76.36816442200885,3
19.95461979002315,965.2217940889807,144.51284344234753,50.497542569067534,6.136245773052087,2
22.119453573025233,942.4604822939982,159.94815875316044,98.59792305511955,30.91286644004662,3
30.15692220928738,965.2439516132694,204.18448013351124,72.13171127454254,7.142964041732602,3
15.287869772595117,934.08570203798,71.68278015945066,70.76958607450726,72.45545435392653,2
17.321452810138325,937.6386986506224,279.01015733532034,82.36512256006725,82.39078961911281,3
15.920052840435055,969.836777273948,273.19415377963145,86.82388516630962,13.738516567908615,3
15.814576046379402,961.8925449504547,185.58793531367297,75.9535025132052,46.06066596539754,3
32.10921168022014,1011.48459010681,63.87646175086918,38.966702245634,54.74838107466504,1
29.073157187600472,956.2393899116634,193.66162545644866,53.67872541961489,44.28636261130999,3
24.483476581746505,978.0588350278043,29.493570424377477,94.96585482282349,14.523000058223165,1
16.95668321302003,983.226428791953,18.276175595567636,45.723092829069635,50.27373482249705,0
24.832317502336647,921.3094456588334,79.5743798980277,56.051691668625935,90.14136573701018,3
24.469435415611315,986.353737201671,134.9081983196154,60.24538180609372,8.520919743990657,2
18.464037398200304,937.8035966869752,244.43357646026274,60.758349278611654,9.621601689828413,3
23.67703298475946,1016.1070317469455,206.33564883690318,72.90577077461678,42.572555020318106,2
22.97009468794747,934.8662727753112,210.5307607239949,96.01530864212953,113.007085394271,3
27.31700196104433,961.4624123727024,124.88320030098035,46.84848982827535,80.22871760674968,3
27.701873017352874,928.5349668078644,103.40244798767999,38.50509634106427,81.44039480070778,3
15.90608019544089,1019.6874251845948,110.18046600584273,43.82293429019561,43.43039890054379,1
22.492252292529425,970.2195010331243,276.6653822087356,92.08474301464886,71.23929494502461,3
27.517198314284727,979.5385017320044,20.829481681370268,75.20675688586442,1.2157420833292054,1
25.062725171601755,926.7076477388428,244.0985039530611,50.01347524674121,76.33152556914507,3
32.12979682376644,994.9960470399178,166.24236031454623,87.11628572780322,109.5944337091484,3
28.173872632378902,940.9905593095585,128.42616318118942,90.29589974544052,73.5088162013783,3
18.258688541628594,1009.8054289440714,205.81956831208686,89.25600370831947,104.8438312159614,2
16.411374948008596,940.5139640482007,141.40061418466976,94.32485735476881,86.87676665593126,3
27.84838556412631,939.0687720663667,245.82427428204835,47.65687141213531,14.46700996844283,3
15.530226210832437,923.6549667848095,253.1895032830398,82.85293501223947,108.294396874301,3
26.715511625469265,967.2066945109999,123.86465025583296,62.2377648091898,7.973261322692986,2
33.80460482849915,976.4841133262616,84.74350525346392,88.9398987023043,64.07609670573166,2
26.50948355751758,926.5708639428352,169.9345887202078,80.99434740131292,17.05645485521492,3
22.763398524130437,997.552761669501,256.3381033165066,84.35132125498072,1.4047932877084879,3
27.865764368847064,965.3288834748028,66.87879103152997,75.93132863767501,50.644111215316684,2
24.165057809830333,972.439026932758,178.20097756214034,42.42001386287948,35.40488491849875,3
25.9123357863187,964.0762746938228,180.52125942498054,68.15188432278569,58.320059255712366,3
33.8292961755305,960.0763060875327,207.94051605212587,98.92688176671557,69.2639864081461,3
22.722052756015486,975.9640331308218,45.52327498436015,95.61716465479833,5.248688677073683,1
34.22381127647829,935.5240245930712,203.27274046416392,33.02216150579082,14.760395414849476,3
33.107012839121275,938.1928130495271,255.43878057972307,41.5370371010606,67.03708757405104,3
18.915822695785927,1006.1785621013518,58.51443939496533,39.22101414181933,41.180082380718986,1
16.38722601750331,1014.6115462133632,74.13669772944696,80.81859369897069,87.50081850593376,1
17.01556002754853,957.3309316279752,272.2766753912427,87.24497308998616,78.27499783103276,3
15.364436513030995,947.0744673143554,58.86377723156224,44.94579564174703,101.47252355878882,2
16.88885921511857,984.3999543239016,240.68397520978635,65.40968850662803,83.09913920030704,3
28.660135468327137,960.8734171098097,142.9150212409694,88.849211960784,51.591729286817774,3
16.42377296920458,922.5386355660345,76.75239008885781,81.29610813363755,80.75599468733189,2
21.379512605875227,935.615259736619,245.10247334357808,67.95660438442938,33.045740910650224,3
31.89750621938909,991.5972228847397,130.23241885071968,71.32433833211411,36.75761985338552,2
15.465438714716518,985.8923941910151,149.00068556101635,65.58523828413959,94.6782191904952,2
31.289369651778717,922.7095992503483,106.99300973793673,50.828391592317445,53.57034196818986,3
20.637095495468,942.1972161932949,170.0967298874304,69.55153950013113,95.8056408622023,3
17.363296552433127,943.1074796588072,54.15144559795615,78.22197114350635,98.69068484019341,2
28.934743307283014,987.1892743598728,115.5920148959754,91.13260411025654,102.90748051935405,2
27.578856935597678,921.9710537754364,271.7413270305276,74.54039477854737,109.99622830094488,3
32.549440270541055,930.4108581984574,79.69602682930443,83.27850759302106,51.71822646159555,3
29.701420876077716,999.9916085373189,187.3188994261489,41.20501444682011,38.26401819853666,2
31.06961860769697,937.8544662054334,97.80131734066762,62.309023209385295,69.86384959129366,3
20.64069145142613,985.2746107851875,218.83774393538218,30.653213387896532,44.54069081251531,3
18.548790875594456,943.8182781046727,45.335888393954455,47.26752051651361,72.12890001602796,2
30.012295032817168,929.9441392759345,271.8516821712071,80.85232005791033,84.67030351725896,3
31.13669478534528,944.3172190999454,132.5231761735826,99.42669659445544,82.60860221905642,3
34.81010284001347,992.2266931855659,73.73362510354526,36.94246697110511,44.946346442414566,2
23.25235353822853,1005.5696468106286,29.844121779103418,58.10460211029017,20.02322420385034,1
22.440361715855666,1003.0219864566991,55.834634373636,86.00496780894116,51.663520615464904,1
30.528259214839935,959.7183529618455,150.33896611012477,44.28249442402292,17.111297289829047,3
21.816070805060356,986.8085136570646,100.9908576364473,68.85594645116004,106.811644222057,2
33.61514651207129,940.4984295415821,233.79850878830456,81.31499072207723,41.50529528854289,3
32.16825503686024,949.3147730261013,126.33963138868761,73.11898151821254,18.535169666798854,3
23.579880547500366,1009.633581852112,77.15285359866007,43.16173142307913,3.0537311886901053,1
30.017421355829946,921.3001923510736,176.6291463830881,54.87691980800176,77.49868635437811,3
30.090857481693646,928.5508530854468,200.82984855907037,84.8654249139778,76.4282780945692,3
17.062477376718654,940.7886255146027,55.10131513325646,68.79585598924116,40.872499989755,2
33.05105813359133,922.653220387382,55.257188397845766,30.366072948003893,8.60542666171812,3
25.105047448957144,938.1435435089797,19.901285272056604,83.26935320196657,49.15546738742784,2
31.529149322154833,978.3041560969692,208.82854406772293,32.47179484581673,37.34609940760723,3
21.400992020612236,962.1424550592498,189.22722245788736,82.20136479118625,81.25447676820113,3
32.91046456992401,1009.2671711076974,138.15033645244975,44.173639211566616,72.69350993432285,2
22.784033574683264,1001.7443561738442,237.92602122168321,97.06514360835662,43.7512473837048,3
15.216753029605968,954.1817351697875,227.53094129651436,55.75585259114591,26.14710651059881,3
33.10763952838528,945.9423433431292,168.04567838712308,52.88521314366554,118.56431593867103,3
16.82573353572267,957.9692408167267,244.43324573857984,40.422163523271124,54.480194543533784,3
21.3862727518083,979.0294942514807,65.57712670992743,51.39229508431504,82.59290829362844,1
34.0012393410161,946.8063640822876,40.21829723738652,91.36555332797404,16.86635610940329,3
34.012142938751126,982.4148907849134,82.8323951095872,99.7434036339073,58.270763959127734,2
26.46875776246572,960.9411652191241,25.413451144115008,55.78166713547938,3.3044063843358584,2
27.636744243395984,975.204718085198,153.41577256027864,61.40274416681798,60.654614149253995,3
23.968910439566393,963.6126529135316,262.8835369196396,80.54496567419159,115.68208885412429,3
20.86421543396129,949.4465759541918,20.622755980497605,92.03370463255521,46.10480555829603,2
21.57329090739832,1014.8453306962157,42.96967678270724,71.51310339307489,4.6795215089893905,0
28.450369121540767,996.3605794159761,132.09373763652752,57.40679887244805,3.7146949103212235,2
30.0474905887536,934.0113175766453,262.1462547325343,58.88352885940366,46.55841119362434,3
30.83158087451697,1006.8467975897913,95.36214834372264,78.69327025477648,19.202992375583285,2
30.792362855891078,968.7431198249513,146.95339834586596,30.22527845229951,2.8022515593823094,3
16.824122060973806,1009.4552226894091,21.224671943605866,73.37125362218885,90.74563367402122,0
24.88840609405163,999.9855255947315,50.05266425976399,54.884510730895016,55.022761065826884,1
16.151175200332887,962.5213504469233,276.39013319888863,85.59381318939589,34.70937263671854,3
25.990577646474712,922.2469308320117,270.5820480377323,36.50934478761925,108.00998196197769,3
23.83061002746754,946.8677359384947,11.333794852290596,71.17415868638733,13.936675224063073,2
32.754083655166,974.1634214660867,266.98918206427453,63.668102292028664,114.7102594746383,3
22.018300251041573,983.3478219826147,182.5623832101851,74.96278681336591,37.67600608528234,3
17.341340328552118,945.7887685433202,244.33793952040597,34.53975161380778,106.60844067704174,3
17.859833641056717,933.9356074072824,132.77976102114195,70.59886511996919,72.35314517753538,3
30.230212634349446,1003.4930236799299,149.21092771639758,69.30392115716666,99.2048831689785,2
27.364361266325222,1018.4402180703552,141.98857666936846,69.24620660913197,118.08157958525571,2
17.022453522455805,972.5690182302686,190.05334953744818,72.24413666175184,34.60865253824949,3
16.682136122299948,937.1679285848304,47.70583878420448,77.35275560584535,115.33625824891115,2
29.0193826291824,947.2307326519369,18.092869265623047,86.34922997765389,46.73782738829044,2
16.45526012728387,921.8390676547467,93.14108422962154,48.887450408975,46.26142856843068,2
31.437201185807126,1011.4298806560499,200.26380593889462,87.75345871260434,40.846452510540686,3
29.124844543129925,931.7751082890142,64.50043207319607,64.87789775844175,64.96891288171022,3
16.626975612837995,977.6516475514254,191.82675699772767,35.39407953940318,18.49740518141845,2
16.69675428170384,947.4055220687206,271.87625244896304,34.098565047078544,66.44537824296134,3
34.73279157002351,975.4178002515794,35.35319326314297,53.39668230872425,65.00457748920049,2
22.485415915122406,985.1420388351864,191.6025719207841,84.94278839780273,91.4282175125844,3
22.412842941337818,1002.9741803707202,129.8125592122342,79.5376654318641,100.03799543251027,2
31.25599134515005,940.6421271760603,244.39840868192644,85.20304752706845,52.85296203749088,3
33.94497154767717,921.099582865848,57.830443150794196,66.20883395091266,36.27998992217925,3
34.720021276457416,933.6885630068807,197.0090071010644,60.81392985688434,31.120187678051337,3
30.067563705178834,1010.0018641848105,236.29112820498975,40.32167686943988,23.35486040458463,3
22.525191710618316,1007.3890077562515,265.04583925798624,52.97349275265181,6.917709863882986,3
16.670014333973377,979.7413102170308,194.47696763820437,60.381355632171264,41.0937574601656,2
30.542938318548735,980.0516860433653,144.23718628227536,36.202030077573205,32.42972305569399,2
26.1680849947161,986.5036674546255,176.81875485432775,45.442836689784784,115.97008630396888,2
23.484440184939526,937.537127862345,244.6043458092539,71.87577058446172,66.92505915000527,3
33.12708770189472,1011.441194592496,164.064631592484,81.49641799674329,41.673244683660904,2
17.223949646123028,961.8770524892074,18.20450611814595,99.88432579750648,69.65611211924352,1
24.852502085817182,958.3138528249498,261.356147786884,95.31793319404903,16.70360416148346,3
15.227072895348382,971.8917705282838,196.1722227785215,74.9795639674634,53.28524990426435,3
24.373212839882527,924.6965966775055,192.65861415985657,59.487363730585045,75.14811857052766,3
16.126065513636746,936.6283368756079,68.23229114738363,74.5324155295763,58.667739815094166,2
17.376358325361437,993.803361642637,187.89907696281745,84.99561326561624,48.21345607851891,2
17.350524935542097,928.2798667925126,116.34338952662279,38.28353336463711,119.26180666796378,3
27.984206042321272,980.3152109466388,185.83290380120286,58.693342278740175,105.63777145787124,3
29.920897585308467,944.5349109681321,38.7801181831575,88.7861599944932,74.80871497913282,2
26.667375301943192,958.9295614041977,187.61823224281972,56.868306635313076,68.32528334187393,3
34.24345096949084,948.86937367707,279.84170595807996,70.03105898590306,74.47925757895008,3
22.49741159047408,955.5672716464949,23.01725049235013,71.14385526035387,24.15745293869199,1
20.714241725637216,991.9045905184246,273.8370297397557,42.91333771935476,47.41652919171823,3
32.3719825637892,949.7121715623175,119.86514939517507,55.356480915660185,4.735143946907918,3
19.47191677038905,976.6404640296897,245.10343159105997,53.415790211935246,57.0655244984192,3
34.264450788812226,967.6050402199099,221.24408069573383,31.833769597244537,65.16295007491958,3
15.243089493796326,986.3671165362648,163.0943904664003,31.693423472394866,27.32996833238515,2
34.397576534152776,1013.6829739324758,209.38128649785816,88.21879305730414,115.68346165986165,3
15.863198239011522,993.257209721025,247.19920155136393,49.11495669809687,109.13455331246904,3
32.82286227396142,941.4940378590757,119.1178868457789,66.26551363671709,86.6571882547087,3
25.554022181725998,923.1183135061285,98.29895362207445,50.910790151214115,64.0063954518435,3
34.85929592238601,946.2264044299825,190.2502141021679,95.84754715807384,104.3962991577222,3
16.475931294707976,979.5077930700255,228.11840432413982,48.150773120604164,15.678281258815549,3
26.077085688026415,925.142581348425,215.81698638968626,60.07597689172546,94.8611753129862,3
34.38605071238198,969.6366247201237,225.4096851918313,91.09111753392213,14.978497676021796,3
25.461956883402976,979.6842848916889,127.6074949994919,88.93534967542661,95.30527950592865,2
27.58797276270525,953.4243890816961,230.81523836725583,43.02709924923941,33.09210819016283,3
28.914973779692343,997.0912203745822,42.45644495006428,86.18503168569973,105.25086972218267,1
24.090821295355465,930.6598253133772,157.01205644942937,62.073082071652486,113.28505125904773,3
27.55116160168127,927.5137781735809,11.554838334492825,63.80782104597486,17.855516328613877,2
26.686286238462003,992.8188756203604,97.63817407307297,39.34359806911606,55.52107260784722,2
33.02316020981978,969.5491316206198,108.94461441527743,35.64210596299873,117.7184853795222,2
15.908927606829158,988.8402396427737,116.96662673449896,80.95575148816357,58.00889231677759,1
20.619263791844606,963.4827338603747,197.77614580626278,64.75228066487098,103.62570270174541,3
34.008229681531176,944.6402033239107,114.91068734299334,60.57954918306257,70.64778265575838,3
32.80527567781833,1001.91023176742,131.14727810808327,81.06557600566777,45.039588950352226,2
24.11313505571426,999.9415878968979,74.13691533606841,83.58590292937768,34.294026663104425,1
27.402651956030734,989.4696470854427,110.77798373992182,41.12357173685475,24.38677093033047,2
20.54762365962265,947.2145137229962,71.36279936105089,72.71576046343489,91.41578296532367,2
18.762423194475225,979.0230666869087,29.762899417479783,39.474785759437985,46.38486081876334,1
24.273968098799642,956.0973896940027,172.93112021297205,82.5962560220332,61.35305546409014,3
22.067044560521055,929.1582073326634,190.4174556098544,75.98686093869976,59.07905760014183,3
26.67312223701744,1011.7313575462242,177.26239342259592,96.96302347584206,69.27348350797575,2
16.554692739299696,933.6818630918962,135.14339182615453,34.82706114494948,103.86925747494627,3
34.487896153323334,1015.0237353820803,112.54216064839206,33.9938304805878,117.68872123001152,2
34.72421488959206,964.6005772957956,243.10008538439283,49.75309522852401,48.910105028858034,3
