tectonic_distance,seismic_depth,magnitude_trend,historical_frequency,magnetic_anomaly,severity
187.27005942368123,489.3168763857821,2.481063430708957,25.954089256810903,-47.658863252818804,1
475.3571532049581,376.195263708196,5.335207579026865,23.95909388148655,-50.604240185600034,1
365.99697090570254,218.05027616785677,7.983566687011266,1.2821032903217844,81.25091610420733,2
299.3292420985183,570.0289237554501,6.8577990912764895,17.06239138130782,-50.09076003009878,2
78.00932022121826,479.9423584426077,7.452489182891598,19.009780939292853,-45.6100547742738,3
77.99726016810132,115.50662366273413,6.270266933685739,19.941139044845023,51.879652483592736,3
29.04180608409973,637.827174776702,6.53821251614282,29.008618461366613,-10.052031509892004,3
433.0880728874676,576.130995560372,7.793565212522554,26.680127336343922,55.34211139103624,3
300.5575058716044,664.960339477763,2.9973440708734875,30.39525463967223,-86.92676848712296,0
354.03628889802275,508.55221685507524,4.915399709145124,38.244163077106414,-2.4857612653231342,2
10.292247147901223,430.1638067631813,2.769675534556818,40.649286935804675,-93.27727996334347,2
484.95492608099715,293.933639330852,8.901344063973177,35.90615381132472,-87.4693593089291,3
416.22132040021086,653.0444813811013,8.552474717492906,47.77618479774674,81.28749066888219,3
106.16955533913807,606.512594871285,1.3154144909480472,0.9116291338180815,-72.15092577648096,0
90.91248360355031,33.5626317341202,6.644601380125508,9.788899284177305,6.484136455043426,3
91.7022549267169,20.4041481990819,8.401986539325327,0.378143748907106,-17.780879479858697,3
152.12112147976887,264.77143008087864,2.4446027610186682,32.37373570773015,-30.53133474823146,1
262.37821581611894,567.7662248857193,5.543561844421036,44.90152744749935,79.96666913745449,2
215.97250932105788,691.1187382618313,8.323906380704335,12.174114828814965,-95.6353206449021,3
145.61457009902097,106.99098999026268,1.2715678286863907,46.35172723981533,32.75793723511782,1
305.92644736118973,416.7032393157903,6.579362137974719,3.0133695144780424,92.67888684271009,2
69.74693032602092,267.86181792845304,3.378792058980406,46.72180134027572,12.03363669236839,2
146.07232426760908,679.0002496745931,8.395169563012242,17.58113436198172,87.36449240661835,3
183.18092164684586,589.7990083487247,8.768465961322942,5.071041422460826,-89.54842414279524,3
228.03499210851797,587.1534358883742,8.554131912907472,24.29358795931628,-16.241336185167725,3
392.5879806965068,329.14782553688923,4.79371373325971,12.838828386025398,-47.96844180758977,1
99.83689107917986,291.5440126316903,7.896341207914507,14.243645098096142,46.16419299614597,3
257.1172192068058,192.83813620763294,7.756395188280563,15.364498246314328,96.25941809944933,3
296.2072844310212,41.35009666234713,3.552803785946045,40.15129489163317,-48.69398751115044,2
23.22520635999886,605.5762186260272,7.631323793205419,26.958063833762726,30.834920294814907,3
303.7724259507192,569.4049043727941,1.296061077723941,15.565384957800182,-60.38047344805197,0
85.26206184364577,699.8029359537192,5.770159027856424,30.51668916554592,13.066050914321977,2
32.525796492639756,697.652512277586,2.8400706983016244,35.80753371115968,-7.213502662332758,1
474.44276862666663,389.691330510634,1.9645350862182305,13.631200036676688,94.40106592630741,0
482.81601653727967,538.7532157959963,1.6156256130336732,20.677455076267577,21.705454539293314,0
404.19867405823055,661.4464794579347,6.570310207025118,6.0943046668473775,-30.09872558263625,1
152.30688458668536,595.0538786928332,3.718999710144529,9.057467476734015,-77.18084302241333,1
48.83605700319193,174.64897501675196,6.798134172230092,34.05589269824914,-69.75063425301309,3
342.11651325607846,316.47980644644525,1.522850726391539,9.071917384781347,-54.93661400975298,0
220.07624686980066,92.15327177574349,3.5223227026448827,26.258169183353008,-49.8066677319404,1
61.019117422389414,667.9276170265882,5.315930339002698,35.452313086121634,70.12321156822756,2
247.58845505563508,425.10989484671427,7.325785318711708,5.343846154737192,12.24455765650498,2
17.194260557609198,161.592678241417,3.5500200234565593,28.365610981445176,4.6781822748732935,2
454.66020103939104,470.847077715288,6.007131011496073,12.828139185068189,-77.04622562615651,1
129.38999080000846,433.4535118396113,8.087821985889498,48.14634376187899,72.02793866988699,3
331.261142176991,251.99757718692265,5.9269055054584365,24.177282335996235,44.562860641696744,2
155.85553804470547,81.26319935534106,2.86367579802907,40.299627488757906,-86.46632761999969,1
260.0340105889054,470.7580905237741,1.1952062524523042,27.511327107813088,41.56701944595375,0
273.35513967163985,365.17477523084773,7.960790991207439,2.170626642740958,8.707643468529213,3
92.42722776276352,541.0782374314763,1.170155286803097,31.657568779701116,-83.65493085064435,0
484.7923138822793,365.0741237761714,7.997613381473595,47.570167110332854,-8.339871694268709,3
387.5664116805573,596.822687222341,5.231497072217696,30.08059100731656,-3.060742573990609,1
469.74947078209453,387.23097346459093,8.512541588103169,40.95944297133951,-66.84509196734484,3
447.41367521382443,393.53470413169964,7.390265886189323,44.21032316742039,89.13962940005646,3
298.94998940554257,613.9042146555248,8.9834728842667,11.403988597446624,69.99507429613237,3
460.9371175115584,283.63104061625313,3.805694523613681,10.602241995411333,33.80446746582166,0
44.24625102595975,95.54262945854722,7.137506311449015,30.549049442549585,-7.540887799878561,3
97.9914312095726,22.0903080667106,4.215447308873937,20.551423490335235,-17.646891683098303,2
22.613644455269032,529.0858044601861,4.839004962431271,41.99306514333602,30.194693430190824,2
162.66516538163216,434.97606684471833,6.020043705746961,45.00115616990056,9.086373881381093,3
194.338644844741,493.447678133258,7.98941691349071,17.671068965135905,-87.54537882362288,3
135.67451588694794,150.6489847332197,8.87266775359436,11.843527948724104,2.500529754066335,3
414.36875457596466,97.18728995956529,7.146187310916146,39.026275762193094,61.28072344656789,3
178.37666334679463,12.152176636181586,4.34213425733867,13.740301777406804,-8.15202448060839,2
140.46725484369037,246.7101160470047,4.3708560182165614,41.13071592568392,-89.60868448914631,2
271.34804157912424,413.76254542453387,6.900658412711132,21.18691268243814,57.25563987680661,2
70.46211248738132,275.78634347961315,2.9102171661464187,33.37749496457352,-59.72724357280512,1
401.09849037701986,307.35749557256287,1.8837929050511573,4.776765691733409,-48.27583302239225,0
37.275321839885414,633.1027687566364,3.8369772611262123,31.19296623382865,-67.05872931354082,2
493.44346830025864,245.08231598226365,3.297911933232654,22.588383936861455,-33.956987025700485,0
386.1223846483287,360.7646634335479,3.3704649636479207,29.330423158773705,51.350301137727,1
99.3578407670862,548.9898028933179,2.8688620083992795,8.400710387243171,3.8771719007874736,0
2.7610585618011996,278.78686206024656,1.336745517090895,36.843687247209104,-59.02374516985749,1
407.7307142274171,436.2165167590557,1.1429914778673105,43.13985387716143,75.56601563040817,0
353.42867192380857,603.9298687052282,8.901779117888253,10.836990004538782,75.91637099030584,3
364.50358402049363,664.7653953130342,4.422185069886899,4.785727776008086,74.11568500920137,0
385.63517334297285,104.65728968846848,4.074613177277453,1.1819293023168198,-52.24075772369214,1
37.02232586704518,648.758162362723,6.437178261544559,32.0985750221633,-9.752131163802375,3
179.2328642721363,345.49717256951766,2.7460311029205133,30.35470180443904,96.99793122817502,1
57.93452976256486,182.25458303267294,8.599689471601803,27.334870635703503,54.40249526199807,3
431.55171293779676,322.4767578543064,7.290760115324416,11.597354805798771,-94.56651575488803,2
311.64906341377895,686.062737549263,1.715288018498076,19.545299795275735,-86.95908174790159,0
165.4490124263246,345.847429607023,4.340646206279427,29.72381675930865,-7.213724637533446,2
31.779175143011816,231.46862398068072,8.032946460497318,24.83834294295847,81.84404117231202,3
155.4911608578311,444.1137963130746,8.557856178331281,49.38927601074437,7.740359590542852,3
162.5916610133735,169.62164190717877,4.739212089998958,6.8219876278366565,-0.4374983931419507,1
364.80308916903203,54.952603019847416,5.907291113685662,34.75722770237969,-78.90526000867388,2
318.77873567760656,91.95804589363316,2.336271568736602,20.215938405214608,31.356020944858813,0
443.60637128816325,91.37599559252516,8.929349009095812,21.409980746280738,64.4206321200451,3
236.10746258097464,108.02808007158146,2.853373611067547,35.87988828290881,-23.91599849848754,1
59.79712296915085,98.90136650928828,8.541854193081004,34.62180756621848,55.122370185065506,3
356.6223936114975,449.3305718726438,6.197173191938948,49.56279968510942,92.89533078016231,3
380.39252430844874,128.95229891060308,5.861894359030873,6.419714472706262,-59.246708174462185,2
280.6385987847481,243.27576376005652,5.101508088132069,5.205482469208317,4.665926238948259,1
385.4835899772805,627.9583101143962,2.8453584937420695,36.216940856437056,-42.57240838308489,0
246.89779818219537,332.8252249034849,2.412224256044066,28.919345850320454,58.57088380676788,1
261.36641469099703,467.955301487677,2.763889672561403,13.708033327990293,15.518673176231502,0
213.77050917927482,122.27927009873763,2.491506097154036,3.9709684494493303,26.916483510060758,0
12.709563372047594,136.2177351284522,7.2366757885340265,4.282912479821527,59.582831923178816,3
53.945713496652225,30.526294154002247,3.8010020733338408,44.70954373320591,-20.80590546750902,2
15.714592843367125,119.91667402437085,1.462741412507171,9.593366235937145,83.01801368140863,0
318.2052056318902,196.45605664430713,8.752821041126492,16.16857810577604,6.605773449227996,3
157.17799053816333,125.55331802516928,8.070287079707406,11.3328201113494,-68.4090354329304,3
254.2853455823514,63.91436856242482,8.422018265561704,17.749815291596864,39.17982363376049,3
453.78323696304653,86.20383802821937,8.959262581171483,3.4711921373046684,58.65227008765089,3
124.64611457443748,323.6235800868426,2.3911619937558983,25.95298954541352,-36.64766458649466,1
205.19146151781487,146.02093544724318,4.16993615122127,3.380628179610745,71.43585139975059,1
377.7755692715243,256.2603630115567,7.0659078056327305,40.01782539111808,81.22865095315328,3
114.39908274581123,353.3852550566901,6.568164944430338,11.68560409552165,-44.61910252443821,2
38.4899549143965,483.89559038329696,2.2311672507188405,27.00059573022553,96.7042945430444,1
144.87572645688402,29.43987360908706,7.526664999924942,44.00395437807291,-71.85769439024831,3
80.6106436270022,559.9884584385118,2.7955245746932853,32.54386845235971,-59.596866319502006,1
464.84882617128653,440.2744718646536,2.7905409185809846,26.647889327566766,-63.155032152394774,0
404.06018978220845,59.06780430031259,5.295795383147309,16.21668765576878,78.79794200157409,1
316.70187825521174,611.7578796265306,5.743519478733625,16.650095652909897,30.858510464992378,1
435.73029509385884,644.7689355712056,5.640689662702489,33.474347759909506,-69.57914335554543,2
401.83603844955724,44.6324159786949,1.731894699182039,49.706968061058376,-11.93531632633021,1
93.28502944301792,195.2605984067482,8.019686901043043,33.09195949246893,23.059605013960407,3
446.27949924498887,564.7284932955569,3.1248003407096485,27.889170868501246,-83.30718300212334,0
269.67112095782534,524.2852638877936,2.0361193702624334,36.532525511962305,76.48327368146775,0
403.72007758203125,130.79567151075136,8.109984638951818,23.26028061418591,60.72070708830702,3
448.0456499617466,148.1258276890238,8.645211985838028,3.0071171300392607,1.0413547153276426,3
159.00173748593193,260.5895277483846,7.897020938123605,28.11484079389549,93.42532305183408,3
55.02596226383838,340.19704366333286,7.476128597799025,47.88126422526901,-16.447804144980054,3
113.96758127097084,433.5418305281466,6.241935845112174,8.765147117882982,96.82206380729957,2
213.55389431312815,259.50172041970114,5.4068589648731145,34.50024454103329,33.58399976072542,2
409.00738296124655,324.8492318609372,1.695894079291281,10.046684432952823,26.93425465078829,0
430.36529162817175,523.734714817362,4.26762570456559,26.791384223654063,-66.809020940843,1
3.4760652655953517,27.604875617637333,3.981508136098512,4.8338224823359806,76.3855516609288,2
255.37365128878287,178.2009871521265,3.0780302700826097,22.518546812909257,-14.502062415876964,1
208.7055015743895,499.9180109474176,6.7873609095086795,37.80816644476231,-67.55331884350413,3
111.05390523536512,626.8543727056651,4.9670058806301665,17.378576211949103,-97.4784960048482,2
59.9326836668414,359.150854596735,1.6483697272611835,33.2455862243609,11.951136727676513,1
168.807585701814,373.4152127151903,2.7614656155984907,39.77249803948646,5.47992442453527,1
471.4548519562596,76.80606391516369,6.466070109276767,46.358890973972635,43.8707244738317,3
161.6014660103776,314.2938320427713,1.6090468759224015,11.732104092772676,78.05161060356042,0
259.395310871683,373.7668519856062,7.8096553123901495,19.965795790465407,-84.11868307139409,3
351.50947944758894,171.24441153704132,4.961172216111795,7.620800666520871,46.29929806807246,1
181.814801189647,189.93177520266792,4.844692618613184,49.62417510791876,-62.517611180483556,3
485.89104136048036,265.3443458470266,5.739262277276141,46.35004839621477,71.63541063143279,2
481.22364747105564,16.009696048853005,7.597447727401193,26.99785651402798,63.81270277233122,3
125.89114791268207,226.81125757705846,3.7824736632175444,42.10166471882106,8.158750997108882,2
248.6242529461927,149.59070888358815,6.4241292204725085,26.04789886360211,42.04855972466231,3
150.43915490838484,230.59315182018443,5.5258557119663285,31.179284400137984,-37.12997736325032,2
142.4202471887338,85.59396800983735,3.1362261613553706,4.456221605800831,-5.766420213437073,1
18.443473677266397,623.5880419564467,8.029039890841265,37.763521024840394,64.32737954209432,3
304.78216698994845,416.327532580726,7.379408172855425,6.3856741817617415,-8.146960565357219,2
251.33951161443073,476.01341876285375,6.267614677267404,41.303381512626416,-28.440346934911645,3
25.739375624994675,552.8415245479222,7.804653832753935,39.101404383519295,-1.157510549940028,3
139.32323211830573,349.912654852482,7.938353607678419,35.43723488714882,65.64985048744367,3
454.13294298332687,62.67036108502174,6.666903813720278,1.8080190262381057,-32.95839052582545,2
119.78094533348622,376.90036618934636,7.696106626909376,15.15641779726643,-65.24768137285125,3
72.44743604561154,411.61510037857363,6.579771693354269,13.155628495542143,42.402804066156165,3
244.7263801387815,522.3167529806624,6.441126174082403,18.006820373575955,65.19564254161637,2
492.82522705530033,303.2983632683162,5.948891025721474,4.382137338191927,-79.87250429529334,1
121.02763575575021,91.0510513513035,7.02173311646113,46.84789115155314,-52.02517744881106,3
336.0677737029393,200.0755822475097,2.2688408423445896,27.690112035618814,-71.60560204780123,0
380.8098076643588,255.4314428862473,8.046966073591427,15.276215532901178,-30.41171768356668,3
118.81877199619983,452.8502344494577,7.974748221961856,19.849075853714172,-9.929804218917468,3
364.10817430592977,400.4032566589005,1.2339782642764732,22.360127025241784,49.765267392661286,0
183.8915663596266,250.55551467669667,7.606534004518101,30.029716668030865,30.22951697633482,3
316.15291529678973,690.5876436574998,2.0309589397875616,25.783971384824888,24.18571349568623,0
316.76485538044733,424.83082391110725,3.680950834073135,45.96959866072087,-29.525010678069123,1
267.88734203737926,167.58430063172415,6.948066050332862,24.848174145291512,68.28951061695199,3
45.144885027204154,73.0441658890418,2.2860791683864656,49.607900741165636,-5.742566520367092,2
417.651247794619,108.69567915066375,7.5437361929524975,42.571247887254785,95.82098760303091,3
160.39003248586792,173.67849441238667,7.657073423661935,10.42552571786679,26.828427659147366,3
93.25925519992711,114.15559853516986,5.05974187008669,46.52976073219581,-74.74705168709946,3
20.38757077738196,132.22378278781142,1.0510869737346686,5.818319894273804,35.23551241508679,0
295.4464715941209,200.99642774830528,3.2963050653993022,40.87248542455958,-34.9791969136602,1
338.7821809211412,123.01476951573886,5.935415347005938,19.031164673829004,37.265439337219476,2
8.293914463928076,627.9422663892448,8.849489424219389,43.898716022253474,-86.07177036751885,3
256.0465291496405,58.003154471826264,6.054508216133347,43.40283450537252,-65.02371256480812,3
113.24788759896897,368.1089499200378,3.0784286485132784,40.296270005881055,71.14745178115726,1
322.5863952047249,288.4569852387837,6.072045624796891,39.50152181535307,-54.56408859529702,2
87.18321450249572,687.7002746022073,5.319883037726844,15.23395695490204,67.40822504858801,2
345.46886905123296,80.20315371330054,7.238763161209149,4.045964152562609,-44.144782309117915,2
193.3676731502687,279.70320813392766,1.8558451106156673,20.149008938258074,28.576382011741543,0
468.36499436836726,678.6903624262075,7.088223220016224,8.676225749325434,38.83011470196621,2
68.76047207299662,606.1239738739982,5.330132629408882,34.747554445123086,2.53095062901059,2
170.53317552512925,572.3163055225974,8.703936030871958,17.304986326889278,-38.937864660653744,3
56.73676062029453,182.016173277368,3.7349773283094887,48.78051004299574,-57.471124725780776,2
462.3468091392814,121.27953599826594,6.060975145071585,32.0486038672666,-93.36212908751476,2
438.6696766904905,468.7129675072528,8.45622484408014,41.124028181718046,-39.21071975185524,3
128.9708138575778,650.7044404110549,1.820077823925434,6.6262336370924215,30.632558106256596,0
329.99202301708954,390.620499323723,8.497827897891609,43.10072411363113,87.66096368969653,3
408.6111001006079,400.9856572499901,6.503085778406507,46.13785952566972,74.2408964526104,3
277.60040579973116,197.42540737487835,1.5426964728413752,24.353095940946794,53.212955307060525,0
264.82528917800323,539.106067367972,3.40770853557453,30.312646887548873,57.689468650659734,1
120.92614545022585,132.5565364931513,6.665376709162253,38.24049004514977,32.996980695199056,3
46.5513839029496,227.92810701016208,1.5388048117501736,8.741931363020628,-47.9426284867994,0
448.60787897666336,298.9546341542589,5.657363681410186,25.12830382317212,81.43900614116598,2
450.2090285816652,356.3120443217496,3.767064455623654,19.933151388615656,34.1464623811668,0
316.55072863663395,171.201993225726,5.967324142139817,7.318699608112455,12.088126196087984,2
169.51489552435035,82.15610366796406,1.3659362705001028,18.376721114576572,-77.80210615730378,0
174.60478730633045,428.2127896242595,7.97229444921901,3.4086154692746784,-10.588891238714922,3
362.9778394351197,203.46412616169852,8.787911753419175,1.2905953474743492,-7.928345759614743,3
448.5551299762885,407.7042785529834,8.751022842285533,6.758314457741138,72.91272190453398,3
443.54321213255866,109.74517526139321,6.997214653943398,48.15575557945869,9.3296440375577,3
389.9377729288119,337.8357910946626,2.0406899210450558,27.476476794750848,-23.919890205918065,0
321.01582307714386,373.74742392100694,7.066105567432181,48.291108057661,95.36006570213186,3
42.069982497524414,38.172828702053984,1.196695331670412,21.6248939165066,-77.85588133473686,1
80.81435704730688,236.94978617935658,1.176988412231978,15.590806654262979,-15.490314337611082,0
449.2770942635396,95.82144450340402,3.58888175319633,25.307093142012206,-91.59506496571895,1
303.21452982979497,46.23572938999189,4.909145523237326,21.975584431645505,47.98082415338607,2
4.5985258083148235,692.9922422081818,7.163259342462346,5.283234213087196,83.61531043983013,3
50.735771433016055,227.00298379235664,6.4663630128520415,32.04131573451031,-43.992534089902115,3
331.7508845540279,567.2923632065351,4.567221651013987,10.80190912547998,71.66833535982417,1
2.5307919231093434,179.73917702510718,3.189013330253327,30.97939774489148,-41.55635390762045,2
80.40402570874933,477.68890011230263,8.97699600126169,32.51005461990767,82.15403232878305,3
274.3668946832931,532.6390462030012,4.409450417887784,7.601242656432405,50.7923807193568,1
345.94759884634664,417.7558409442753,4.611096194637404,3.067481355533408,60.98135536828772,1
325.9806297513003,331.16017960801054,2.3089905695333535,39.03807930342199,-96.3986888799091,1
112.13465473027989,289.46495807479346,7.358476389999435,22.99002118846601,92.56207141480519,3
356.08961067376794,245.5100500470107,6.549457806251909,2.9081897752737893,45.334198414064645,2
118.62454374840003,650.8113426849825,2.766156902310083,49.74331585848836,-39.04978092277334,1
162.69984907963385,581.772346635835,1.6590483649267416,2.889028049818332,65.87893297176939,0
373.24570255901205,675.5887836452258,6.443994416597705,34.75176144292766,-43.695760317014006,2
324.81644952360733,88.75946199291022,6.236089714249082,49.18394626317068,74.5507679132256,3
424.611705247089,512.1454976921436,3.1860762159856746,11.959005210796281,-77.4839219176126,0
328.80644615017167,656.9616388610845,8.606908498003282,7.112468434359808,40.737195492159145,3
284.1543016677358,128.50068018363078,2.208463134247202,6.069246971121444,8.139695328982071,0
46.837383914046235,48.41439462201069,4.458678408340815,15.163757378379778,-80.69310596091184,2
183.85790152971677,519.3022132044612,8.548927361340791,5.052290550532335,-51.62123434823221,3
132.60118384086272,402.9822329995785,4.3578185354089785,34.6080670847066,-97.51919274453704,2
121.9948216895418,589.5964861772738,6.108207581312684,3.1145899065031344,-6.24640690709883,2
486.5052773762228,99.56111888515007,4.180755183702354,25.471106407489486,-39.74694784799993,1
196.5488623333802,557.0965836782034,3.1937216187893602,49.83484269264884,19.671496859551766,1
446.02327758855665,142.7358693933257,8.871821183678627,40.69851347530094,-40.55243845827656,3
315.56931299863146,116.23184812026174,4.274672050520344,30.760971911550545,-40.01617769860306,2
397.4056517708242,116.65752695583308,8.152793629433075,15.312681039330583,48.63863974632068,3
251.31854655259605,570.5731547215047,2.8396368471286895,31.194791814581922,-90.37143280432932,1
288.45194231317953,466.30766004594767,2.7048376322006664,26.35207319558258,80.57899903839746,0
246.25884690943195,367.0996664888453,1.2490726630760909,21.304169194518575,70.45277487823628,0
97.62149389902225,252.46367791820475,6.21333460300708,6.535518837009974,33.560936645281316,2
361.2260576307527,614.2859774875495,3.948210749790089,44.330210762023334,18.64431402147686,1
140.3861812204279,275.9266849809995,7.914865998717096,22.489232441066125,78.46049962793046,3
12.157983215726919,571.9864087511609,4.785679253532457,9.731125591038253,-62.933964094257114,2
322.7361479535839,308.51616618201246,8.745547423317774,18.38796754386448,-84.20616756183428,3
88.55533970352447,265.1072117385855,2.484204125624969,20.70648762644635,-52.09796601809238,1
470.22929217645714,324.9504903973853,7.948985343644886,41.37689477834371,58.91565574003806,3
476.9642885012937,212.36175616657118,7.212774822333934,36.6807190280701,-93.06594665470334,3
457.43219511022426,523.8313473630233,7.167374757152416,38.46524468206699,16.56136701669793,2
185.0793501277222,352.89883228455045,7.758265824935101,0.5515632214323607,99.08750323826197,3
7.728308264433714,164.0844612124785,7.088191927543991,20.807699908988077,71.13921876750788,3
464.1592812938627,629.9030521456488,6.009762573051323,24.06720758176618,4.289137808717896,1
214.09207415865717,269.95607251850157,2.0499590214591006,0.9596138411528343,-87.27181814267153,0
483.3274095218348,381.39989705756403,1.2602094359300153,12.99066043725171,66.27470287714198,0
481.80998854462644,634.7175334532537,8.366782782525494,38.01449115610675,19.795701635442114,3
426.50472773368006,437.7181211479665,5.933202516165904,6.8554852864499525,-77.01340058808663,1
147.22444603479283,83.59483241443812,7.3722983278094105,26.765506572629583,-81.22854303532876,3
192.54886430096263,658.0028222822057,4.852178812100401,10.760093600861875,81.92536388731847,1
425.5683357584285,440.1402210438497,1.9384655116991558,0.6060387321946636,33.84005258761567,0
158.46100257813885,235.76411903064613,2.0014863376204035,12.060072879977074,65.85735986335109,0
84.74637334304624,99.21190671904431,6.484522297831771,48.79368774550269,75.79578005645345,3
278.4006312291751,556.2295821106666,4.4424471591957015,40.07685559414948,14.354470409664444,2
468.0773870803905,434.81078363810246,2.6041978136026938,47.97883221605167,3.4892703510082583,0
348.0148983374865,374.3558421994724,4.932756373931495,24.392702196318123,-13.914517935801967,1
285.0305850446825,625.9370229695685,1.5136714966010727,5.4868099338751755,-36.61068244177614,0
48.588246885384265,552.4408534347225,5.65577121531519,27.397974448684646,-13.080807828257647,2
307.5036133495849,107.86906605346032,3.1519472354807814,22.718866727998044,54.77593114603127,1
495.0269250521316,219.58200332129266,7.380472805097505,42.2178541369808,20.38468620302632,3
70.04200761826202,175.4454195904971,3.48289567138859,4.904129039212229,78.5046579909692,1
259.16482618186836,521.2745122157286,4.64176119265441,24.41205685108891,-11.32399712416246,1
438.68653596397775,25.405639445574007,1.092964319264805,7.502433234699213,21.417915743750797,0
370.3843088771022,399.78300004017893,1.579575102356471,16.233796344503,26.26151061839775,0
348.507870497634,534.196162647002,4.1399484512534785,36.86785386938998,18.339432461265105,1
351.2420419935546,613.9824144597011,4.839510677736988,23.800906468438328,40.52675461710328,1
179.7455756098776,240.7730606037034,5.80016438495443,18.794414257288466,-52.51330632503874,2
146.7959221322467,575.237598661065,3.333300629674426,19.723813928501766,2.4727555091581337,1
404.6805777392568,79.22095239473464,6.55985508901234,22.97233842029933,-79.15503943833046,2
405.05669733959036,592.8236996306937,7.880979177513637,39.25082719185284,-23.097734471037484,3
433.53615929005184,90.98708630772373,7.2388079111467984,44.60423444701172,-2.466586275747119,3
456.6202762782356,279.30652881113633,1.3169506027868572,47.76673432519642,30.444851909094496,0
255.6711994304689,558.5121653141284,4.8440555780626315,39.34516931276475,90.1062105172407,2
250.7581473435998,106.6423642894441,1.839441427345399,15.770344787400637,20.130213309671177,0
399.1475894833876,162.01747387238376,2.9363601269002197,34.40673530432711,48.718783235311946,1
324.9819653888826,506.13229273836026,8.893300746137172,21.880156202769598,1.2532118990405507,3
350.9834386288517,504.5855025091599,2.139964343212106,12.733531102302559,26.820806275266264,0
397.8963347180505,449.5210477539375,4.9911052276108485,42.04357897129613,-85.81355677324531,2
445.00267090878316,486.3760142380358,5.945245874544953,1.9213174481162498,-49.121683831630605,1
168.9975784257679,380.8216614566221,6.619719764352832,45.08809960677117,-27.629381358972267,3
187.79147631997202,177.75574311705302,5.477189467895313,23.073873231236707,-5.501328998697289,2
46.9909699204345,243.29580346573576,1.0781667793534693,31.86007384041402,-90.87025089952326,1
289.14007049808697,128.75520632739511,3.611690465951935,32.96769611028913,-71.99518048933646,1
17.971136898371043,636.0984918108726,5.141693147077691,44.75588703532682,-44.63713844173884,3
232.79900906623007,409.2074727467521,1.7029319931586668,31.833484108360366,94.30653818021014,0
271.3223173537883,281.79428890102065,3.805015449673446,30.69667923800309,-33.73059857938985,1
143.2706260641422,324.4800509436046,1.2656248703309325,3.332602028034498,-3.591788377583498,0
295.4166302845054,663.2037710490471,1.628627977240166,25.920401097260203,-60.780457452321414,0
15.250124969524714,109.03927937502398,4.1753862096127685,7.5084500408520825,22.156014215153647,2
18.674094374607208,411.1884227477245,2.061726032344483,36.87168843607428,-43.863356896805136,1
411.30028032982915,355.11029786135725,5.540326786092465,25.611096040633726,-58.601484312314646,2
180.09532070563145,428.7950563333842,6.515719753098126,34.01138896041766,3.3145256891958184,3
63.53025632594239,14.640908306946676,7.404693592872663,2.0836450301192135,-98.89884016791584,3
261.1216300274022,610.7424884430177,2.6012019539584808,4.239600802290161,-98.46719347015494,0
384.9967765493054,652.6185611735615,2.339860658072558,35.81616940313411,-56.18623817962845,0
107.9105137484216,396.46296214526785,1.836542722675202,3.6042167999336683,-92.65572749983578,0
311.4452379095001,488.2622750660708,6.091441996349094,3.56283638826293,-78.39484917386173,1
42.673732496884,645.9045680617523,6.651805811895209,0.6054237617443725,-32.22787013224968,2
25.840860584303847,495.6525667507522,1.2526891586051363,47.82506991497401,60.51713591596257,1
265.677315784074,108.47225195415442,8.489697969949518,36.875417972950345,14.409728673860172,3
270.31756080505323,404.2492753964356,1.4157702692117793,17.66257042510321,2.533545191283281,0
318.71495074910325,425.4871023752334,5.330370682408564,14.82677906438276,-41.30223535837567,1
363.0456668613308,298.0432085690654,6.672484155607331,17.485161487292476,86.35074388656327,2
487.9260397312673,516.0380764660565,7.967752989968685,38.732676559059094,-20.596991752561664,3
258.15017415059765,654.1881763087723,6.712695457059422,33.068530553520716,-82.5814466408457,2
161.478236470623,648.0468220089299,7.4138246645583346,9.259778393373397,23.413303223560263,2
397.59309738435184,316.6858812400842,3.7156015403424485,8.705466766704218,-77.23232130467972,0
135.41612563103712,81.04015599684716,7.518600909972098,4.919782485669866,-30.955371439661576,3
219.48571035281805,689.4191568757095,1.6409187710774011,33.015135985066905,1.4823877435617732,0
39.22819067113298,587.550864339262,8.158533248484222,38.218633111086795,74.84450493703517,3
12.675371707728756,89.01455147988025,5.38073900922989,13.2523214162502,-1.290683931976261,2
481.32420733896254,644.7476340669259,7.53838215969995,1.0472480515456406,40.45175320633285,2
417.99006025610294,609.1876607193656,4.618546276146401,4.108583373821367,98.56336779981407,0
347.987103046849,364.14896387399835,6.1486215615722,48.39300174225152,-73.70217602040367,3
204.47647220713495,414.71025414996063,5.211221287488906,14.772238873871013,-45.0536948960961,2
86.64716003542289,280.5038873013509,6.852716174042655,38.46115739190668,-21.08478488047072,3
78.21852133554302,40.22362389777787,1.6530398562447166,31.23317844271319,-15.634364292233727,1
125.12144908229766,235.96767466883884,1.4828166719245104,19.096981982644795,-17.795784946890848,0
274.61333235306023,562.391707121412,2.9768258720811716,10.284363109777756,81.52220051131098,0
357.2979613500312,5.233152057212795,2.2763574409055067,6.069320907970321,42.80652889337128,0
330.0986883588656,234.78242184041864,7.9742685327376135,30.75064840194333,21.581042818140745,3
139.9669484729714,279.9217481264784,2.7537118988643545,38.7316890318894,-38.12545642744358,1
477.43264033159704,377.10213085067016,8.806922046553051,32.19521267705653,64.75807684425894,3
368.94845834788424,644.0592202561069,3.6951663341688548,26.515106662457917,91.0121022969978,1
277.17702625570035,243.74950406744097,2.4569433255095943,2.0975611715818134,64.23965651004531,0
305.8603731171761,244.17333492356693,7.317588057139833,48.42443887971919,-99.68697896170542,3
209.80003121389495,516.7758711806043,6.269662204007009,39.93570958272873,27.280274036681405,3
123.86549475057873,317.6481227410854,4.985565731625112,14.641101835048238,-89.77292371157985,2
177.98633932563078,158.7741664121074,5.44290840750105,48.99851646794253,-48.47855593325563,3
378.92305523218454,317.80278226062,6.753614226178111,30.094079481816106,-88.09505993044566,2
7.196744314877934,100.3182002251003,2.82763793065039,29.121132910362324,20.759090589877545,2
58.036320253458115,125.11811658134387,8.970671328453935,37.4036589714766,37.31798269852135,3
23.001321010876374,349.8607053721569,8.798345297174265,40.58848940450688,-77.10247238681897,3
20.36440115948507,294.40996375417444,6.202605490775495,32.823930366575134,-23.232223391004098,3
427.7302920055036,640.5624389455338,2.596339607433161,6.404787318310001,-8.752698208891601,0
351.8289296900118,254.9509415834099,6.4418259394503306,16.91337529972492,-26.18939564781668,2
237.0869145436626,407.2506684940743,1.5775872718334067,46.404182016302485,-75.7949999029614,1
48.91708032550074,443.3204729678322,1.2452200176464485,11.230780592192597,-16.210441962504916,0
245.80793755841617,11.139930698656878,3.0614631080897095,18.608351191875666,50.23560956168362,1
236.73588539028285,465.149085667664,4.70098365391453,21.6038441472098,-85.7984670933489,1
86.60093495500759,126.2691048750865,7.946180043267044,21.970249484722608,-83.96399718361931,3
216.92582461898652,672.8270815936797,6.817352558130464,30.646979124726276,-29.045741632803157,3
199.25236719868673,105.76658397167284,6.941652169599848,47.15379188723538,88.34514232378501,3
307.92504902610824,291.40763836146255,4.403946675584603,12.034635591625248,33.714529344582814,1
317.5468254338219,61.57406831889341,3.7674799403757033,6.075068815045903,35.73399133451295,1
22.652004886022258,697.8182277884713,3.9683101038768216,9.873524492996866,-27.616001832427003,1
187.3063073132356,352.5321172112073,8.901196509888463,44.34624501046348,18.73215824170768,3
312.9299578571182,417.5787420893906,1.3208735312998598,32.2905406327603,-97.97376319445132,0
251.56812929004386,48.819381217122384,7.9362519689795885,14.295339461958006,27.219209281908434,3
428.24492059416116,525.4724083386261,5.629403268579147,40.797346948430864,82.65738951524736,2
329.3468158094725,148.51410398071886,4.508923353516724,43.0684998181718,22.514693668963844,2
81.46721354071485,628.8418940296182,6.802061283321092,42.3257169345139,74.739718693269,3
35.28437370021492,145.18746905644102,4.893351531397623,45.94632668197772,44.79461109321875,3
321.2096391031578,135.10002902323927,7.9873859046532845,12.612051008668079,-75.88831671926195,3
13.255655270810907,27.511668157970227,8.205614912090068,37.75209643731392,80.49066145716836,3
292.88779063673167,331.50272768677945,4.373767414987643,23.026974863707,-86.71123112884503,1
470.1151207124788,396.2591110173063,3.2146223778804126,42.099927644503076,6.793494509552758,1
287.73708893793946,47.86463032098995,5.738802628746898,36.42453385808066,-71.57257524130847,3
194.08496310326095,543.3182764531174,8.298906764933527,38.82237232498623,-97.65867785381919,3
321.64410922117656,318.3956066541233,2.6852975120453326,32.808091884053574,-15.593147974472203,1
229.1264452457583,368.02440799065084,5.983732668507862,8.871438473485343,-40.991858469168754,2
272.8083946579675,309.6523973628832,6.052481760740164,27.251345944846918,-2.7999012404794,2
470.7324043882626,281.73261649097753,6.864904179322248,49.23348697622541,15.439977346910155,3
193.05131890038712,392.6289512531361,2.0525414810180784,46.869403324855945,-91.25218553821053,1
480.5952819119571,110.35769165963733,6.7265997174567085,2.1586867898505835,-75.39934097525088,2
452.6753209780319,128.98583508569925,8.272260165325129,8.240740786471857,11.728479290085076,3
97.89556739464822,603.5263634674351,2.4374648709619358,6.586438672728096,-31.366529365468352,0
34.68065043758273,662.3885925692756,2.900346599391021,36.29899549926478,45.834697509889594,1
50.389000688713324,262.5699027632676,8.771160752333117,40.889266492847256,30.458329718387944,3
9.110912825774864,190.97978185420052,2.447815621675918,10.675568315533596,69.12087259798136,1
47.2214803779642,451.511681180833,7.835080746956633,25.29263464759145,38.49856533384505,3
341.5033867081784,287.29645142647126,4.938222851584278,42.03515140056,-14.01378452197038,2
35.594324230114495,19.719676250920713,2.9778485952254163,36.64007723831253,34.59332447888647,2
159.48781514688065,110.99451296160088,7.965999210180091,27.111860274592413,-44.923765148916296,3
422.43765548472726,501.7486157354835,4.562442040021324,29.517384522938645,-38.73730024435746,1
11.635967867912933,461.92891145328565,5.1185388314375215,25.418027345813996,57.79703198415865,2
407.2342412944679,20.913002767431475,3.8738669551981255,14.877422565941028,-10.716096719683563,1
140.92738738669996,156.93656902919872,5.743606811479419,28.251099642950805,59.6760681036705,3
59.08241381082813,163.29020801847383,2.308190980680182,34.44426510250453,64.48447473365567,1
348.3685826820753,470.98113503191246,4.128652293214086,43.666145793040386,71.51246753225675,1
314.471423389942,15.75795535254618,8.7552985786823,31.814567698962403,83.32704716824145,3
438.73600676352646,74.66779022523254,3.0650674616090203,38.0560768521579,-13.802955897340752,1
367.5355219019429,560.3414275904862,6.253893316330338,8.00358174772865,-36.226636335772234,1
401.74046519242427,126.62417411392487,3.601520513797559,23.077873720989494,16.439749318822777,1
141.01728628565326,457.61678328060856,7.187785005492805,0.4665809913546648,-25.76551531247449,2
88.7197718898614,168.2515811706151,2.0469892857467986,12.333943226081152,20.214833360046597,0
375.3073758204292,71.41009214602292,8.758568360628358,36.32308575565024,41.11717252876491,3
403.417369633632,171.73418931761896,4.630316331069114,49.59049756746817,37.68100369842736,2
495.2525710003367,506.1423184352501,2.8884037067717117,4.9589049793607956,-25.089422595975734,0
206.30883845571324,599.2761347381875,1.5879739786401013,20.074715793064414,-66.62795966024945,0
186.00904289639158,581.4934654677602,2.358063240700326,40.00354843495798,-13.894132307558493,1
388.2064803709984,279.2341036736815,5.158191588448141,10.201781731444942,-71.48117118361824,1
170.40177012650892,468.323425326311,3.6960254114502904,27.75424746511431,78.01940703676166,1
465.37866280178235,145.07903820024305,7.631066927060876,36.65356480148374,-30.824507852428525,3
429.2063759215059,206.61711572218726,4.4471001892944475,30.79927251300895,-69.10805055533524,1
214.49701368750917,627.6424013277416,2.9897141807010392,9.401236730770806,-94.91044801884982,0
375.4355338957487,11.075342610493752,5.93715989283224,17.769228434286973,29.164477257296852,2
377.2714370423412,61.68495453641872,6.6542177350835665,39.18958922426986,27.380463490948642,3
51.561934417966306,147.10460609192708,2.336335263207599,27.71132570660083,-31.879166683741673,1
451.27645333978336,20.51947830392616,2.3409537303065413,0.26148067714563683,-85.6576222304698,0
252.62618622392858,128.64193369267852,1.2933714154683438,38.04953800140469,-18.0742210209536,0
413.2287330538708,408.9630095568451,6.891216120525124,1.7655677470119535,-37.75650098732128,2
160.02480051530588,296.1543363135636,6.310436220974441,37.286689136561606,35.424127947001864,3
447.7616142481002,625.0848543317285,4.797047005998511,10.12402800826187,21.155849890538065,1
194.60083936708156,572.5756060934317,7.753363591753577,47.90367400596901,-27.081254360491997,3
5.41882574014918,240.58851148511744,7.445361223600425,18.397037565104224,-56.42148914900198,3
452.6909882096318,183.07755653504216,5.682834915174017,16.346580816903955,97.60719323111837,1
45.64333839306678,267.0253009007523,7.946170244106069,7.444402516622234,-9.199675760777026,3
159.65681879520744,414.0258698753358,2.646729680294146,15.280210774510744,37.654847156047424,0
475.03098352540246,189.10842129436762,1.895356955181823,43.83253809141003,-71.88940648432785,0
475.30357346877804,437.6559376786955,3.157996892135917,49.81671688136237,-2.8820600681204382,1
286.71894406164307,287.7693332294858,1.4566948487145188,18.415476525342417,-94.4926560261069,0
315.91860608489964,387.3289322346822,5.249356224008256,22.430531547727128,1.0910235820899885,2
224.2227609891599,306.4163173364511,8.492845538359692,36.10354691013685,92.80348142354046,3
146.60538584903227,207.53710016025855,1.3147483253480772,44.30978902325373,-23.15865740283995,1
164.33227268495799,664.0204082595853,1.9768793120802144,29.652216709339207,-92.20079748501769,0
336.2592280385192,534.9968443235131,4.617592226267482,19.576284908891466,-93.80884181613129,1
376.18726471884,99.79899668498388,8.47100014022324,20.631092042431188,-22.40264801062611,3
395.7895218629243,608.1906471767431,3.529248839814004,34.78090732484034,-67.99501270736118,1
394.80907139727697,342.22697637816054,5.0578784695071395,0.16091318021393408,-95.32958073436282,1
45.60305152434518,626.3974543720758,1.3325828724031368,30.979466872992035,51.24272279003537,0
247.21015235129073,560.298968651226,2.186745607696711,17.77465052206787,-8.29539822362186,0
28.779380008322143,298.79902611952497,8.893040983670776,39.70986656385421,-42.15104560546909,3
274.76444116186775,17.683577207441942,8.720949571488365,4.649531991156608,80.01663660329615,3
220.76525068668852,189.53679685069235,1.039519847475277,29.410113347419525,-76.77220795989487,0
443.8520913791499,380.0606818332851,8.614494283385913,24.04864449430619,91.18376579106385,3
175.45750627603934,444.1677974386508,6.112959502524003,32.11627629526137,-37.206656524529436,3
58.53350821380293,182.0056044323752,7.943346356160177,3.2426797241484175,77.68073446173625,3
71.49584102641793,99.27053970283124,4.637918845070873,28.999189371406565,20.588575295892312,2
380.75531585873614,584.7813052859108,5.124768228634002,28.074229397976186,65.34147194829748,1
309.1090316581305,689.1127221310794,4.9107726420553615,28.033004720808545,96.80263264209285,1
50.56133806139512,368.9317472472747,6.334914060368835,30.17438332982274,-42.318912436250855,3
42.05340305749872,121.83214152211585,2.1172100380505032,33.82339686131811,92.2270970815186,1
350.48456572956,192.07051391051954,1.2397887189814236,40.249449984038485,-22.103621019515927,0
36.381503182096765,14.83669223013178,3.4634395327295273,13.491036006410717,-22.89761905261554,1
410.9300296451781,640.1805669792283,6.637446101893174,41.2524705090031,-31.922579149098866,2
353.1211135782481,84.1902558573185,2.614827616983587,24.91278411317268,8.281521469517045,0
40.67439032094988,404.408499908949,6.3874594665993385,3.8529139567165585,-69.17099136430258,2
42.41885704259596,193.29054403966978,8.759296368858163,2.92754646219896,10.742297071602238,3
493.31978925058775,388.8162457560238,1.751205726315347,16.71191593480304,8.340962482000805,0
187.13539787806016,456.6914310696012,6.38081694580101,39.24484885557338,52.38036252097399,3
185.32107353344546,581.1597789876267,4.550001754436569,35.384046737045786,66.72999238751711,2
406.39978362875127,146.08204768890104,7.945138035020043,39.43074823362032,-11.91172993751519,3
473.62428869192934,9.675088403619373,2.4171983155790873,25.86345282208047,-39.53335012970125,0
493.0005319114355,97.54616978802747,6.541007617809316,22.00994989777453,-48.13302053658111,2
376.6890926294708,630.2130120099773,7.704922317184882,7.372626335314197,-61.075232659025616,2
188.1297927654579,611.9752741386357,8.556913755792186,16.40963768046558,-88.47048356019502,3
41.750358349334384,418.9943453148752,6.4659842263171665,21.700968308693763,-31.51040423305733,3
388.5734579637184,421.1607685826901,4.9773981120674184,4.430021483980862,-45.95046157384335,1
279.2021248679025,466.19559883328634,5.942777921609711,11.030597635560563,93.28347717328148,2
212.11100462348813,124.40915247916782,7.951239875829746,29.91126470318694,11.54176525000878,3
453.177192547368,640.2595382556219,5.5648779731106375,36.783155711959495,-30.544592193898495,2
55.59874115307567,294.30182637466703,1.2430964775746949,49.91737556964748,16.0935201987392,1
246.31255214542958,269.4306927181492,8.447589564055821,46.65566656717788,-72.1606597308609,3
5.676822383709535,364.2045582874206,6.516214008252489,32.12825997675958,-11.191250159559416,3
234.33032099706313,34.78224480898842,6.412107086217972,21.0624026647036,25.246864284212762,3
28.151637840918674,118.06579139174343,2.7254012191817374,31.808868235411637,-2.2204336415097288,1
59.40895813403596,517.1474642656066,6.271083761861258,39.282580904011596,-19.64423986913515,3
58.763123388552444,59.793470211738274,4.150915245233268,5.916809546169366,98.76967777993963,2
324.60515105803177,423.00017240753897,6.209863816331937,20.495244484814414,76.06295242978541,2
373.02243963271167,173.253678557562,1.8527442424639258,41.99011428178086,24.681191631888026,0
291.68438254857983,273.72833860129964,6.262762436824288,19.1916475966522,13.87547223645656,2
481.08627423727097,203.5082282659485,8.995309806165332,28.593613561359327,24.132095964916815,3
187.43528976185203,250.2595560925345,1.3856963108844482,29.38846804310991,-59.73757843551335,0
142.85604314093035,503.89404181860334,8.817393473770538,9.223812656681968,-20.972451347136285,3
434.29956409473016,209.39095750497617,4.255263685782965,18.11177208261442,-92.10809342182014,1
111.79791925972631,397.3504389272342,7.966027602698073,16.725564437096608,-4.8907925026346675,3
481.61126972030564,334.28318073497155,7.259083872466188,1.3098354266032397,8.60491679153263,2
6.077237344908171,465.2424734231284,5.536130087893342,1.2095881945677622,-54.45005277935808,2
484.93941335381953,655.907158048681,6.907593674010612,41.584852183788676,92.80576943310274,2
21.57995597528806,513.3353238527548,8.028124490410782,13.65354049864062,81.89092218744841,3
445.5715568490355,152.02838425634823,4.233122573208264,25.90393831194077,44.428647091181176,1
263.85055454314994,23.7658282727767,3.6162652925059096,14.936278679438653,6.677325753072523,1
496.48239805965017,185.0603029212779,6.340747084508678,47.03396225576702,73.99383192953698,2
36.89828236769943,417.36439562877786,7.462767535530069,12.964837943288687,-73.86953123530742,3
276.9271422006604,37.89521781200674,7.098281078212926,21.482840636946754,58.101958854977,3
484.6512678095495,348.46364054646295,7.382509190869076,43.63651252423009,-75.03583720663033,3
261.5489220850744,418.5963085439887,4.484666518503464,42.09667833959043,58.84213250988108,2
314.6993190676313,235.30223579023865,7.542673729400173,9.305070892313866,-44.84648634972861,3
347.8743444923086,540.0967182145837,1.9616724429648675,40.13216548978552,75.4181162036378,0
227.2705323838866,76.40558068737272,5.355912783686796,22.909344336894634,88.80841876507958,2
313.77904004203174,54.44617165159452,1.0460692839849726,24.14844360426776,-70.24080611897688,0
292.15715596155013,510.27575183011515,3.5966866392021624,6.673998620797189,-7.464878986921292,0
450.5790052454945,347.8529387119265,3.931692278971183,4.0300756878562325,96.19747563253702,0
22.723190170728934,482.50487270655975,4.169381532874043,36.39696534868826,-3.3185128053706734,2
140.48159479611516,305.5094823454149,6.563737653518897,24.823057617764988,72.70950450290903,3
475.20574203827937,173.98861920089655,4.108464810162766,21.84253513075898,17.746304426263976,1
445.13189194545816,573.7334177365914,4.589548980980245,36.475411432619836,-24.934018416079624,1
227.82837639285646,559.9922835203475,2.9003530469946197,38.275644949555485,-42.84328889482596,1
310.06629890076834,486.89813665638985,3.9860143330347206,7.945408383467678,-59.355381782782544,1
138.69059149056633,191.95730578651396,2.818157018105212,30.511257473882065,52.35963827553945,1
94.06057986188065,413.9810054746228,1.585567390147549,6.767704113884276,-22.691898635394423,0
231.84920246999107,253.9597800641387,5.827588747051023,37.56875430145229,2.2550924401502357,3
176.67611401302642,65.92428718199064,6.34570238844013,32.84775781335698,-1.534903999763614,3
291.82805592543605,642.2848756726455,5.955922768076916,47.8307310541729,15.455805846626248,2
38.86731848249242,97.49940438143506,4.707952350404579,3.447900817821059,73.11542912491043,2
487.19740383308323,665.2656729669201,4.0382862414338385,2.8527360575627156,96.14786871668588,0
493.10537223980145,313.3120295246531,7.906669196574602,14.109353734660008,-18.483158285236613,2
