rainfall,soil_moisture,elevation,temperature,river_level,severity
149.81604753894499,72.83455426177707,189.20726419442656,25.572453554086543,2.6170568373590597,1
380.2857225639665,58.24867297097084,544.1914426414663,24.37545632889193,2.469787990719998,2
292.797576724562,37.8574854657695,873.5811066970263,10.769261974193071,9.062545805210366,1
239.46339367881464,83.24155177362537,733.5637619775134,20.237434828784693,2.495461998495061,1
62.407456176974605,71.62580552984913,807.5283421221425,21.405868563575712,2.71949726128631,0
62.39780813448106,24.63552454104022,660.4894498771638,21.964683426907015,7.593982624179637,0
23.233444867279786,91.98344660444582,693.8151816952632,27.40517107681997,4.4973984245054,0
346.47045830997405,84.0283518630852,849.9496733074927,26.008076401806353,7.767105569551812,2
240.4460046972835,95.48199219627317,253.41966881489,28.23715278380334,0.6536615756438524,1
283.2290311184182,75.3147557549524,491.9778388249248,32.94649784626385,4.875711936733843,2
8.233797718320979,65.20736763422109,225.1033946105042,34.3895721614828,0.3361360018328263,0
387.96394086479773,47.6418732661557,987.7296679566638,31.543692286794833,0.6265320345535452,2
332.9770563201687,93.94556350186119,944.3390429881802,38.66571087864804,9.06437453344411,2
84.93564427131047,87.94575005503675,44.229677311663366,10.546977480290849,1.3924537111759516,1
72.72998688284025,14.069680309557047,707.04729665311,15.873339570506383,5.324206822752171,0
73.36180394137352,12.37302770475268,925.6220758285875,10.226886249344263,4.110956026007066,0
121.69689718381508,43.881703019024464,184.67246840169688,29.42424142463809,3.4734332625884266,1
209.90257265289515,82.94979977036496,570.1055043998663,36.94091646849961,8.998333456872725,1
172.7780074568463,98.854851638345,915.9108561001017,17.304468897288977,0.218233967754895,0
116.49165607921677,23.537520199317537,38.77624869286985,37.8110363438892,6.637896861755891,1
244.7411578889518,63.47176438169216,698.9331659106057,11.808021708686825,9.633944342135504,1
55.797544260816736,44.28017709679194,300.862262335688,38.03308080416543,5.60168183461842,0
116.85785941408726,97.29229580331429,924.7742143996477,20.54868061718903,9.368224620330919,0
146.5447373174767,85.79070308221378,971.202953939541,13.042624853476497,0.5225787928602377,0
182.42799368681437,85.44958342400241,944.5451566678668,24.57615277558977,4.187933190741614,1
314.07038455720544,52.18238438154732,476.84314557417645,17.70329703161524,2.6015779096205116,2
79.8695128633439,47.33375521038987,862.7324377343668,18.546187058857683,7.3082096498072975,0
205.69377536544465,34.60663647376356,845.326651542395,19.218698947788596,9.812970904972467,1
236.965827544817,15.073794698583441,322.50497087703934,34.0907769349799,2.565300624442478,1
18.58016508799909,87.82501386295479,829.770896779924,26.174838300257633,6.5417460147407445,0
243.01794076057536,83.16109082170698,41.82259654191516,19.33923097468011,1.9809763275974013,2
68.20964947491662,99.97459059575175,598.2885290896428,28.31001349932755,5.653302545716099,0
26.020637194111806,99.69731533665149,233.85879310126452,31.484520226695807,4.639324866883362,0
379.5542149013333,59.988853504236474,124.96405134839242,18.17872002200601,9.72005329631537,3
386.25281322982374,79.20886736624594,81.56843562106312,22.406473045760546,6.085272726964666,3
323.35893924658444,95.02891568941853,697.8073319987491,13.656582800108428,3.495063720868188,2
121.84550766934828,86.46826516096704,343.1755889492258,15.43448048604041,1.1409578488793337,1
39.06884560255355,32.26132915688779,726.1429376711177,30.433535618949485,1.5124682873493456,0
273.69321060486277,50.54897217790842,70.02955909494766,15.443150430868808,2.2531692995123507,2
176.06099749584052,21.62434736363455,318.7138861414573,25.754901510011805,2.50966661340298,1
48.815293937911534,95.86459245328501,541.7938359134605,31.27138785167298,8.506160578411379,0
198.07076404450808,64.5557171005792,791.7695490147687,13.206307692842316,5.612227882825249,1
13.755408446087358,30.577852495311646,322.15874041740955,27.019366588867108,5.233909113743664,0
363.7281608315128,70.4530615965271,627.7619195548241,17.696883511040912,1.1476887186921747,2
103.51199264000677,65.63154164121062,886.5478594950062,38.887806257127394,8.60139693349435,0
265.0089137415928,42.23464462295564,617.783872241393,24.50636940159774,7.228143032084837,1
124.68443043576438,20.220183297966614,236.7946773798656,34.17977649325474,0.6766836190000158,0
208.0272084711243,70.44158760335196,29.27877764875533,26.506796264687853,7.078350972297686,2
218.68411173731187,56.827693081341394,870.7483795314253,11.302375985644575,5.4353821734264605,1
73.94178221021082,79.50865525620753,26.1630637961352,28.994541267820672,0.8172534574677826,0
387.83385110582344,56.814715100079404,875.3281643207785,38.54210026619971,4.583006415286564,2
310.05312934444584,86.69633502866861,531.292448357076,28.048354604389935,4.8469628713004695,2
375.7995766256756,59.6716154897037,939.3723600203317,34.57566578280371,1.6577454016327575,2
357.93094017105955,60.484417438184764,799.789319594797,36.526193900452235,9.456981470002823,2
239.15999152443405,88.89882423925106,997.9444399806708,16.842393158467974,8.49975371480662,1
368.74969400924675,46.31345795911573,353.9582563744516,16.3613451972468,6.690223373291083,2
35.3970008207678,22.061370560557666,768.3523474864712,28.32942966552975,4.622955610006072,0
78.39314496765807,12.590440868200508,404.9212590411959,22.330854094201143,4.1176554158450855,0
18.090915564215226,77.9623530106257,482.4762422023893,35.19583908600161,6.509734671509541,0
130.13213230530573,65.82785962181183,629.3679359022782,37.000693701940335,5.4543186940690545,0
155.4709158757928,73.36717912893012,874.3087286154071,20.602641379081543,0.6227310588188562,0
108.53961270955837,29.166774535801967,984.1630518532986,17.10611676923446,5.125026487703317,0
331.4950036607717,22.27343280280928,769.4320467951956,33.41576545731586,8.064036172328395,2
142.70133067743572,11.309019910109374,420.6779482564971,18.244181066444085,4.59239877596958,0
112.3738038749523,41.55288029259373,424.25021726568485,34.67842955541035,0.5195657755426841,0
217.0784332632994,63.09259181691698,738.894390080947,22.712147609462885,7.862781993840331,1
56.369689989905055,45.30196405897591,242.5832600394608,30.026496978744113,2.013637821359744,0
320.8787923016159,49.37274298213561,114.92174256573769,12.866059415040045,2.5862083488803878,2
29.820257471908327,91.37428250443736,357.84904685257266,28.71577974029719,1.647063534322959,0
394.7547746402069,41.34299203209703,290.8027966958113,23.55303036211687,3.302150648714975,2
308.89790771866296,56.25905402438297,299.82657985371014,27.59825389526422,7.56751505688635,2
79.48627261366896,80.52877114670288,237.43971229466038,15.040426232345903,5.193858595039373,0
2.2088468494409597,45.68885040891431,46.88272368818007,32.106212348325464,2.048812741507126,0
326.18457138193367,65.98780302050861,22.78456505974674,35.88391232629685,8.778300781520409,2
282.74293753904686,87.61273378720706,987.7837777873514,16.50219400272327,8.795818549515293,1
291.60286721639494,95.45685612918778,430.63426806718303,12.871436665604852,8.70578425046007,2
308.5081386743783,23.236613283613416,387.40501392388325,10.709157581390091,2.3879621138153926,1
29.617860693636146,93.3928862645345,681.2490462796045,29.25914501329798,4.512393441809881,0
143.38629141770903,54.29046637715844,222.16261842573886,28.212821082663424,9.849896561408752,1
46.347623810051886,33.24199494690625,950.2113780304742,26.4009223814221,7.7201247630999035,0
345.2413703502374,51.322218061443515,787.4132893434743,16.958412883479262,0.2716742122555982,1
249.31925073102317,98.20293177569293,93.96394730069821,21.72717987716544,0.6520459126049205,2
132.35920994105967,54.33562845935826,420.4928719060037,27.834290055585193,4.639313768123328,1
25.423340114409456,39.587644925875736,879.7227160243539,24.90300576577508,9.092202058615602,0
124.39292868626488,67.00607688850532,945.0083621799532,39.63356560644662,5.387017979527142,0
130.07332881069883,31.613105690037376,470.0645036936204,14.093192576701995,4.9781250803429025,0
291.84247133522564,16.827699529779753,615.3443322646542,30.854336621427812,1.0547369995663058,1
255.02298854208524,21.59917497195843,171.19877636161485,22.129563043128762,6.5678010472429404,1
354.88509703053063,21.524125506199518,991.2127830062916,22.84598844776844,8.221031606002255,2
188.8859700647797,23.67124241610649,235.51334287652617,31.527932969745287,3.8042000750756233,1
47.837698375320684,22.49444553844691,943.01811526445,30.77308453973109,7.756118509253275,0
285.297914889198,67.67872703228932,651.3984157474066,39.73767981106565,9.644766539008117,2
304.31401944675895,26.369207595923033,609.6981109044648,13.851828683623758,2.037664591276891,1
224.5108790277985,41.11005549914769,515.125068461426,13.12328948152499,5.233296311947413,1
308.3868719818244,90.71095689154106,234.5164626591699,31.730164513862235,2.8713795808457556,2
197.5182385457563,52.65654762365851,180.64539184548073,27.351607510192274,7.9285441903383935,1
209.09313175279763,70.08019646689245,224.38377802482447,18.224819996794174,5.775933658811575,1
171.01640734341984,25.508788408146685,190.50607083353324,12.382581069669598,6.345824175503037,1
10.167650697638075,27.30601169278037,780.6865511989196,12.569747487892915,7.979141596158941,0
43.15657079732178,13.678175463983099,353.37463287089645,36.82572623992355,3.959704726624549,0
12.5716742746937,25.204155676494807,62.553463180579385,15.756019741562287,9.150900684070432,0
254.56416450551217,35.073130512876276,969.2571169901073,19.701146863465624,5.3302886724614,1
125.74239243053067,25.93094358490721,884.3669555386085,16.79969206680964,1.57954822835348,0
203.4282764658811,17.983228038135003,928.1135217792369,20.64988917495812,6.958991181688025,1
363.0265895704372,20.857228399054073,994.9332835332032,12.0827152823828,7.9326135043825445,2
99.71689165954997,51.47008912294532,178.02577297338985,25.57179372724811,3.1676167706752665,0
164.1531692142519,28.570034656521326,399.26080880814544,12.028376907766447,8.57179256998753,1
302.22045541721945,42.78428749432679,759.4472833255709,34.01069523467085,9.061432547657663,2
91.51926619664899,55.30755437693712,697.5405149635233,17.01136245731299,2.769044873778089,0
30.791963931517195,72.13553457664287,158.12642680815577,26.200357438135317,9.83521472715222,0
115.9005811655072,13.538092585698905,816.7539593656647,36.40237262684374,1.4071152804875842,0
64.48851490160177,81.94693590181384,228.31836897747735,29.526321071415826,2.0201566840249,0
371.87906093702924,66.51103505418169,227.69852674850998,25.988733596540058,1.8422483923802613,2
323.2481518257668,17.35831287539847,539.2895507789465,19.730012593461268,8.939897100078705,2
253.36150260416937,88.62207616960995,594.9752351674946,19.990057391745935,6.542925523249618,1
348.58423607508706,92.87851604786319,582.1857767986221,30.084608655945704,1.5210428322227287,2
321.4688307596458,15.497016386937737,96.02940321076609,39.82418083663502,4.40323418368349,2
74.62802355441434,34.918988333248336,878.0735583172285,29.855175695481357,6.15298025069802,0
357.0235993959911,82.55811518137551,269.2720423757625,26.733502521100746,0.8346408498938329,2
215.7368967662603,77.34337213452925,133.86734667639016,31.919515307177384,8.824163684073387,2
322.976062065625,26.60689174207396,889.3043394696323,23.956168368511545,8.036035354415352,1
358.4365199693973,28.841439100303926,955.8732407386046,11.804270278023557,5.052067735766382,1
127.20138998874555,43.34248925122438,862.8169791791233,26.868904476337296,9.671266152591704,0
44.02076981107071,53.60706866719192,810.4684943512536,38.728758535161404,4.177609792750997,0
91.17406501677667,65.64292943772664,656.9657707358266,15.259088270729789,9.841103190364977,0
170.84311545050252,43.202227561279514,553.1030837560936,30.700146724619973,6.67919998803627,1
327.20590636899726,51.62812445198331,91.55182611185309,16.028010659771695,6.346712732539414,2
344.2922333025374,77.2723844320381,411.41094700534524,26.074830534192436,1.65954895295785,2
2.7808522124762813,13.30148826015381,375.8250744272524,12.900293489401589,8.81927758304644,0
204.29892103102628,32.719324990961866,263.4550148415246,23.511128087745554,4.2748968792061515,1
166.9644012595116,74.20146272960972,724.803013120142,32.68489986685738,1.6223340578247936,0
88.8431241882921,90.56861539184794,498.39635640337696,20.42714572716946,0.1260751997575904,0
47.94614693347312,56.05096979040995,85.6409848281097,29.94735173461654,5.597556836383825,0
135.0460685614512,57.89021367387841,224.0822859400623,33.86349882369188,5.2739962212267635,1
377.16388156500767,19.645481020579844,684.842469841298,37.81533458438358,7.193536223691586,2
129.2811728083021,50.26711301411092,80.75020519284868,17.039262455663607,8.902580530178021,1
207.51624869734644,57.935553980952086,851.9508794785248,21.979477474279243,0.7940658464302952,1
281.2075835580711,31.82234532712567,497.6707943789045,14.572480399912523,7.314964903403624,1
145.4518409517176,34.231890785444286,483.18364444001475,39.77450506475125,1.8741194409758222,0
388.7128330883843,43.95557467941604,594.44574573622,37.81002903772886,8.581770531571639,2
384.9789179768445,11.806407799995373,825.5575610955234,26.19871390841679,8.19063513861656,2
100.71291833014567,38.987124902486045,351.0701618626821,35.26099883129264,5.407937549855443,0
198.89940235695417,29.03032062968902,679.6260717962682,25.628739318161266,7.102427986233115,1
120.35132392670786,39.47476169601232,567.9033041758121,28.707570640082793,3.1435011318374837,0
113.93619775098705,20.778591863732608,270.6931288185742,12.673732963480498,4.7116789893281465,0
14.754778941813118,90.14745526659054,879.2368364233822,32.65811261490424,8.216368977104716,0
243.82573359195874,63.42332081986438,798.4388914988934,13.831404509057045,4.592651971732139,1
201.0716092915446,71.11920872300406,660.1595754851334,34.78202890757585,3.577982653254418,1
20.59150049999574,81.02541147466044,851.3288204487707,33.46084263011158,4.942124472502999,0
111.45858569464457,54.85979790361515,867.9577299550034,31.262340932289295,8.282492524372184,0
363.3063543866615,17.82282592786813,709.8211618314596,11.084811415742863,3.3520804737087273,2
95.82475626678897,58.3395887636693,837.8282617218537,19.093850678359857,1.737615931357438,0
57.95794883648924,62.815700621879124,698.9841043609372,17.893377097325285,7.120140203307807,0
195.7811041110252,77.0895526765897,681.740067901499,20.80409222414557,8.259782127080818,1
394.2601816442403,48.84935916067114,620.5183213241083,12.629282402915155,1.0063747852353333,2
96.82210860460016,21.48222725160074,753.953056359853,38.10873469093188,2.3987411275594472,0
268.8542189623514,35.539831521885205,162.81207976660832,26.61406722137129,1.419719897609939,1
304.64784613148703,42.67740667587716,881.4664054029338,19.165729319740706,3.4794141158216663,1
95.05501759695987,68.13255171984412,872.4843101065059,21.9094455122285,4.503509789054126,0
291.2865394447438,61.37004742020207,34.10104661938635,23.41607621514507,7.4882633696330645,2
147.11325308770128,42.048705330806165,826.6876668119388,28.01783000081852,6.511475848816741,0
252.9223322374318,98.78637239136818,133.22551813607797,25.470382830894934,6.2092856747843115,2
253.41188430435787,64.51973374211985,338.4432599878462,37.58175919643252,3.523749466096544,1
214.3098736299034,31.350411256239504,744.7907150101497,24.908904487174908,8.4144755308476,1
36.11590802176332,19.160422535836336,164.95609656806667,39.764740444699385,4.712871673981645,0
334.1209982356952,23.75732252658988,818.8771889984669,35.54274873235288,9.791049380151545,2
128.31202598869433,32.136195554605735,832.9735070679532,16.255315430720074,6.3414213829573685,0
74.6074041599417,24.46132359336001,509.93039509203203,37.91785643931749,1.2626474156450274,0
16.310056621905566,26.79103216461752,11.353942358249412,13.490991936564283,6.7617756207543405,0
236.35717727529672,35.65856518244624,290.6029425090382,34.523491254735745,3.25104015431699,1
271.02574473691294,25.603623576527934,618.8422837838635,21.418698804297403,6.8632719668609745,1
6.635131571142461,90.70888821637827,981.2802471372863,36.33922961335209,0.6964114816240574,0
204.8372233197124,17.2210371095478,633.6544593815851,36.04170070322351,1.7488143717595939,1
90.59831007917518,57.20602506132292,263.504563158839,34.177762003528635,8.557372589057863,1
258.06911616377994,46.935714429069535,635.8356745841133,33.70091308921184,2.271795570235149,1
69.74657160199658,98.41407552177458,542.2854528172762,19.140374172941222,8.3704112524294,0
276.37509524098635,20.08350119512471,780.9461681753879,12.427578491537565,2.792760884544104,1
154.69413852021495,45.80700391411675,111.44573563282361,22.089405362954842,6.428819100587076,1
374.6919954946938,97.2523389947832,762.2227629895178,15.20573544959526,6.9415057350983105,2
55.0083776583973,87.89564133045822,543.5602457827297,30.84853266707385,5.126547531450529,0
136.4265404201034,83.5364863854352,963.1770438396996,20.382991796133567,3.053106766967313,0
45.38940849623563,33.211254434044584,345.16280520849267,39.26830602579744,2.126443763710961,0
369.8774473114251,25.379882865105923,634.4587836682783,29.22916232035996,0.3318935456242622,2
350.9357413523924,70.17788979319879,932.3679649824674,34.674416909030825,3.039464012407238,2
103.17665108606224,93.64383902148272,106.99717935072586,13.975740182255453,6.53162790531283,1
263.99361841367164,60.10866037125368,937.5423448002689,35.86043446817868,9.383048184484826,1
326.88888008048633,61.44514205229099,689.4462936893093,37.68271571540183,8.71204482263052,2
222.08032463978492,35.19811842942558,72.49787380964604,24.611857564568076,7.660647765353026,1
211.86023134240259,79.25436398727432,304.45874911208216,28.187588132529324,7.884473432532987,1
96.74091636018068,26.833937370177104,709.6312282020551,32.94429402708987,6.649849034759953,0
37.241107122359686,39.131131276381936,72.01384846142784,15.245158817812376,2.60286857566003,0
358.8863031813307,48.28927947547751,584.2596078753919,25.07698229390327,9.071950307058298,2
360.1672228653322,55.68493408160095,349.15364166819194,21.959890833169393,6.707323119058341,2
253.24058290930716,31.816875917357223,622.8109401786397,14.391219764867474,5.6044063098044,1
135.61191641948028,20.335314226528318,50.513323643450285,21.02603266874594,1.1098946921348107,1
139.68382984506437,64.95580381974693,872.1791221216143,12.045169281564807,4.470555438064254,0
290.38227154809573,35.97674979162302,973.6215243315099,10.77435720848461,4.6035827120192625,1
358.84410398103086,62.31143992803511,969.0334660092631,14.054988674644683,8.645636095226699,2
354.8345697060469,23.892644374678206,750.9035725842101,38.89345334767522,5.466482201877884,2
311.9502183430495,53.30260916693357,134.4358089299788,26.48588607685051,3.8040054897040965,2
256.8126584617151,57.93304892964273,759.4718799493775,38.974664834596595,9.768003285106593,1
33.65598599801953,14.664118314018422,29.463981876507503,22.97493634990396,1.1072059332631567,0
64.65148563784551,40.294385037452855,27.012933771352266,19.35448399255779,4.225484283119446,0
359.4216754108317,22.09732092450768,326.99216805379353,25.18425588520732,0.4202467517140529,2
242.57162386383598,15.703747342549097,491.19997445264244,23.185350658987304,7.3990412076693035,1
3.678820646651859,99.09642091509507,771.5553807187542,13.169940527852317,9.180765521991507,0
40.588617146412844,39.01184604772507,684.8788997234726,29.224789440706186,2.8003732955048943,0
265.40070764322235,82.88870012691714,448.6731928448646,16.48114547528799,8.583416767991208,2
2.0246335384874747,32.917658928738746,277.2585329502576,28.587638646934888,2.9221823046189774,0
64.32322056699947,71.33524500015363,997.1388776569225,29.5060327719446,9.107701616439153,0
219.49351574663444,78.42050739007179,429.0503957247931,14.560745593859444,7.5396190359678394,1
276.7580790770773,63.60748665470599,454.13008920802713,11.840488813320045,8.049067768414385,2
260.7845038010402,52.441856969514255,167.80570208571083,33.422847582053194,0.180065556004545,1
89.70772378422392,47.06568227325417,795.8355010061797,23.794012713079603,9.62810357074026,0
284.8716885390144,41.39814398886958,695.2138146525812,11.744913865164273,7.266709920703232,1
94.89963499872003,93.65762298230433,224.6657647248166,39.84598951509301,3.047510953861333,1
130.1598792637071,84.75574670089563,86.96914038776349,11.733416829890999,8.29394664858847,1
298.59656204720966,96.85242195998613,682.0968055643395,30.851056865756597,2.8152119841492995,2
259.85315961888585,21.186750113699027,656.2386582097296,39.51036775790241,8.727538395661279,1
339.6893641976712,75.77807276832799,276.89322936321827,17.175403126477768,1.1258039041193701,2
263.04515692013734,94.45064111389341,951.1092444391583,14.267481060615886,7.036859774607958,1
227.32344133418866,26.310975954909413,155.30260232199572,13.641548182672867,5.406984766449103,1
37.469907131236994,15.984664063009975,435.1731270373889,19.098254427027868,0.9653447019544081,0
147.0863212237734,76.70085843610532,943.8978405667609,13.031374330319402,2.41893828258839,0
106.08094707269018,61.70258018619207,422.6286803414917,30.76484025082396,0.1240403627731479,0
97.59585735163343,85.76458990824449,640.3333179257651,11.868753943901881,4.687679654645058,0
389.2042219009782,22.579513896366056,400.60642597298033,25.28266384449369,3.0126526076000038,2
157.23908986670415,81.57405806739011,277.8441263369267,39.9009056155893,5.983574842977588,1
356.8186220708453,28.14645880429701,984.0577597200291,34.41910808518057,2.972378077086172,1
252.45545039890516,24.729034857913405,412.2873362834678,28.456583146930328,2.9991911150698467,1
317.9245214166594,24.783921813789362,894.6287076607388,19.18760862359835,7.431931987316034,1
201.05483724207684,83.3117248208244,233.80483286163076,28.716875088749156,0.4814283597835345,1
230.76155385054363,69.867749862658,217.0391805049579,25.81124391734955,9.028949951919872,2
197.00707752754556,57.07588822922074,35.9784124700888,22.782501516711143,8.522638743911815,1
78.0971951192178,42.29474357111523,653.4084912490056,13.921311302205984,6.678046832264065,0
288.9808461046021,88.94804867317974,371.68371200514235,36.598126457214,5.932215701073843,2
112.30894497634232,45.32005966803718,865.0364585904389,23.493539464639674,8.923024981396523,0
9.726386572581536,83.49394955244193,475.84385715809935,15.838675354622952,1.8533017952871444,0
258.1889183628671,49.52214177131966,968.3524607751481,21.03278052631869,0.7896916219082861,1
70.84427176281957,43.92499864824168,189.59788812460553,22.42389257586781,2.395101699095381,0
376.18343374116574,51.64118071026458,869.2800521158327,34.82613686700623,7.945782787001903,2
381.5714308010349,37.12400867477279,777.713868527783,32.00843141684206,0.34670266726483323,2
365.9457560881794,77.2848442158626,772.0672354208317,33.07914680924019,5.828068350834896,2
148.06348010217775,55.24483510832312,845.5593119763032,10.330937932859417,9.954375161913099,1
6.182646611546971,30.89914256321356,762.2188709882839,22.484619945392843,8.556960938375394,0
371.32742503509013,90.96171159471116,628.0892200232583,24.44032454905971,5.214456890435894,2
171.27365932692572,44.55020992358903,135.58865329397563,10.575768304691701,0.6364090928664234,1
386.6619276174678,58.919757500258974,37.363548593795656,17.79439626235103,8.313735143857098,3
385.44799083570115,91.58248998680922,921.2436085766084,32.80869469366405,5.989785081772105,2
341.203782186944,66.18141963225929,618.5670629481343,14.113291171869971,1.1493299705956683,2
117.77955682783427,20.520823663752765,797.5546045212955,26.05930394357775,0.938572848233562,0
154.0390914407701,94.58489112521276,484.11473975498734,16.456056160517125,9.096268194365924,1
340.45466860674276,66.4937247764276,121.72164801758251,10.363623239316798,6.692002629380784,2
126.76880206251107,40.14150531913775,129.5598632415377,17.236043727986242,8.292867993167555,1
67.797098674437,22.53448653970485,687.1374607928265,39.27621264730161,8.789789002822673,0
222.72050498334005,81.46226703432664,433.15436542496536,34.046113356489684,5.717723520483222,1
374.4619096643124,65.80654803356622,204.52210306683503,38.787299329631,5.174463517550413,2
278.4119186699892,58.01149827786894,494.1365740077297,24.63562131779087,4.304274103209902,1
228.024468035746,90.45033247458619,68.88789238975842,13.292085960325105,3.169465877911193,2
38.87059750830741,80.97374901020777,584.0615449048267,26.43878466921079,4.345959608587117,0
246.0028906796679,23.650739175947606,272.6484374129222,23.631320036798826,7.738796557301564,1
396.0215400417053,38.05498610159934,798.5713051340022,35.330712482188474,6.019234310151315,2
56.03360609460961,32.36402258330192,313.8101491289559,12.942477423527338,8.925232899548462,0
207.3318609454947,76.95516633154092,457.9440483363922,24.647234110653343,4.433800143791878,1
350.94922877118216,13.017919126220145,16.562437208560134,14.501459940819528,6.07089578718754,2
296.30744710168176,61.29007163841849,77.08465335558608,19.740277806701798,6.313075530919887,2
278.8062963981072,78.62128171666215,395.5310886246514,32.12071232163399,5.916971623063255,2
280.9936335948437,88.90890730855745,482.5391405435379,24.280543881062997,7.026337730855163,2
143.79646048790207,40.78735738443167,602.0204453787072,21.276648554373082,2.374334683748063,0
117.43673770579734,83.91315742048116,295.20426581575674,21.83428835710106,5.123637775457906,1
323.74446219140543,19.95685632596865,696.5069766959099,23.7834030521796,1.0422480280834767,1
324.0453578716723,86.18070625610663,860.8217852032585,33.55049631511171,3.8451132764481253,2
346.8289274320415,21.47397960987842,780.9517339488831,36.76254066820703,4.876670686212644,2
365.2962210225885,45.755856150433054,44.42073122161536,38.66004059511785,6.522242595454725,2
204.53695954437512,81.75658292015983,483.1044125215398,33.60710158765885,9.505310525862035,1
200.60651787487984,23.492568461389638,109.405527526084,19.462206872440383,6.0065106654835585,1
319.31807158671006,30.632625570937734,245.83479078321483,30.644041182596265,7.435939161765598,2
259.98557231110607,75.00273115537597,986.7292803008107,23.128093721661756,5.062660594952027,1
280.7867509030813,74.80328828914669,146.78306518700566,17.640118661381536,6.341040313763314,2
318.31706777444043,67.70328695967676,501.3937126840993,35.22614738277768,0.7093221613377343,2
356.00213672702654,72.455360002039,620.0649556465285,11.15279046886975,2.54391580841847,2
135.19806274061432,58.84519990128366,703.9526456913834,37.0528597640627,3.618530932051387,0
150.2331810559776,32.66191530162575,561.8504400694795,23.844323938742026,4.724933550065136,0
37.5927759363476,41.112639415352746,14.721993182087742,29.116044304248412,0.45648745502383736,0
231.3120563984696,26.34379451212831,329.8290017027719,29.78061766617348,1.4002409755331768,1
14.376909518696834,91.76055052002656,520.1230851677878,36.85353222119609,2.7681430779130576,0
186.23920725298407,62.50526152895084,92.42716664910918,29.10009046501622,9.715326909010507,1
217.05785388303065,46.07662750872759,353.87379655313487,28.418007542801853,3.3134700710305074,1
114.61650085131376,51.58052232797194,38.03709324740973,11.999561216820698,4.820410581120825,1
236.3333042276043,95.25550056506339,83.18560466924563,25.552240658356123,1.9609771273839294,2
12.200099975619771,23.801626280447216,399.9386598205881,14.50507002451125,6.107800710757683,0
14.939275499685767,62.76068488151175,137.05217527284506,32.12301306164457,2.806832155159743,0
329.0402242638633,55.52998109960194,569.7031440202503,25.366657624380235,2.0699257843842678,2
144.07625656450514,65.0308811891183,691.0176442915794,30.4068333762506,5.16572628445979,0
50.82420506075391,11.629916543875646,801.5837656135375,11.250187018071529,0.05505799160420821,0
208.89730402192174,88.49115180497364,204.14949302358605,12.543760481374097,0.07664032649225327,1
307.99742123944435,93.89064542352511,171.6451693477744,31.48970164188047,2.1906880910185778,2
86.32841099873727,60.861986523028804,109.04500113272825,12.1625300799602,0.3672136250082114,0
249.15619032760011,72.6985741489203,638.2480982959186,12.137701832957758,1.0802575413069138,1
34.1389859975072,93.02494430595661,707.9433478544667,10.363254257046624,3.388606493387516,0
20.67268846744308,73.65147708820587,36.42821410151383,38.695041948984404,8.025856795798129,0
212.5418526272592,23.72851386228352,936.5311850124714,32.12525078377021,5.720486433693008,1
216.2540486440426,61.86595241501318,56.71142723321505,20.597542255061924,5.126677259564164,1
254.97196059928262,64.60435417445703,543.5898536245651,18.896067438629657,2.9348882320812164,1
290.43653348906463,48.17176041721474,710.5152168536619,20.491096892375488,9.317537194328164,2
390.34083178501385,76.27998120622506,871.6142781273552,33.239605935435456,3.9701504123719165,2
206.52013932047814,94.09303132921134,715.5164974717657,29.841118332112433,0.8709276679577149,1
129.1825891764984,93.30116616160987,802.7194426544429,15.555867036024038,6.170665161178013,0
318.0744779074815,50.57554342637189,342.75294158009206,15.22328006002253,1.138383934766014,2
108.3329005048297,20.19142412566797,815.7509881777796,12.951869491401919,3.452231428016921,0
175.58856828225444,98.63570790661011,84.71427215275176,29.809081591040144,5.074119387178088,1
31.38255253690638,85.50082778013407,895.3425727802249,32.93117986665208,8.742225246851758,0
10.140297366183004,21.219641308294015,549.8544142729676,17.95139284975012,4.935465803401186,0
385.05936587117003,92.87576943556351,818.2112811126813,10.628348830927385,7.022587660316643,2
334.3920482048823,88.29067258559155,455.0566930957086,12.465150024292821,9.928168389990704,2
278.38968243747917,56.69542514134649,645.3598067205423,39.035801045350915,1.3148911989798162,1
163.58117776570796,63.21478921704363,528.7706476314327,18.863343324322607,2.747315255195195,1
69.31772802833831,45.910243348311724,732.9315741465552,33.076694435144006,3.945760755976464,0
62.57481706843442,14.928547493982819,86.22183212043663,28.739907065627914,4.218281785388314,0
100.09715926583813,40.16775174813108,65.05032357061097,21.458189189586875,4.110210752655457,1
219.6906658824482,82.25681037382103,250.8677178400957,16.170617865866653,9.07611002556555,2
285.83836908002496,10.416882070414257,163.7469567126224,13.641592544782192,7.140326444668564,2
264.0789506870925,40.014925452202974,872.4246487592407,28.450389041165998,6.079052140907038,1
111.97355877837714,45.8351824231849,223.1179174212541,33.23901341913364,3.093727178627821,0
381.94611226527763,58.36560426441306,975.9859295400356,29.31712760623392,8.237903842212948,2
295.1587666783074,92.78700547714844,340.2113128122513,25.90906399747475,9.550605114849889,2
221.74162100456027,41.17113949293651,186.2073261102558,11.258536702949089,8.211982825502265,1
244.6882984937409,41.22578817066049,790.7500146067667,39.05466332783151,0.01565105191472904,1
167.84002497111595,76.37511232987735,660.4142366233717,33.961425749637236,6.36401370183407,1
99.09239580046298,50.69961468008265,500.70473787087326,18.78466110102894,0.5113538144210072,0
142.38907146050462,30.214434064598375,557.586733182943,39.39910988076552,2.5760722033372185,0
303.13844418574763,50.7195564519424,720.6057693809025,28.056447689089662,0.5952470034777169,1
5.757395451902347,22.677131834181985,232.31246762464224,27.472679746217395,6.037954529493877,0
46.429056202766496,25.874828785560098,996.3522464764583,32.44219538288596,6.865899134926067,0
18.4010568087011,54.853099546553175,974.9191963360493,34.353093642704124,1.1448763806590512,0
16.291520927588053,47.70329045540931,652.0740579152022,29.69435821994508,3.838388830449795,0
342.1842336044029,92.33613109612901,203.5447386744994,13.842872390986,4.562365089555421,2
281.46314375200944,42.61545092049698,681.8271012191349,20.148025179834953,3.690530217609166,1
189.66953163493008,62.25295152502391,76.83741693427996,37.8425092097815,1.2102500048519305,1
39.13366426040059,66.90378591275774,35.49923969477703,16.738468355315558,4.1894779018747546,0
196.64635004673295,11.178501092950027,261.3944740686576,21.165010715125398,7.511780478084181,1
189.38870831222627,69.71836348150396,465.30984195561973,22.96230648832588,0.7100766453325547,1
69.28074796400607,26.02323701827763,868.9311428813386,23.182149690833565,0.8018001408190345,0
173.54065969518922,96.49632857225096,728.5332244174765,28.388187474835764,3.547712918359842,1
159.40189375894937,23.379645497780167,743.9929885939812,38.29227513234123,9.417257116189251,1
246.34003922088658,47.316171135432135,428.365867775835,17.22078135497515,6.6857264672291405,1
254.03746034705753,17.681470127077947,349.2053175842281,13.645041289027542,6.786699566725648,1
18.121603908817807,99.71868266613527,374.1835691696797,15.924114695798119,3.6191999083786497,0
149.8450458505885,55.19755092981183,987.7113159173775,36.60774700627809,5.9366079120853845,0
250.34396628569456,63.58465155880394,44.90864545542007,29.37432437965618,0.10131184027743378,1
201.25450343203508,16.036882964958473,867.6963386418363,18.577203677174804,6.360960464095422,1
342.5959364753289,77.496442335926,580.7820315295314,34.47840816905852,9.132869475762368,2
263.477452647578,28.891503378602717,441.4223420936425,35.84109989090308,6.125734683448192,1
65.17377083257188,90.82488604966424,726.6313721130608,35.395430160708344,8.736985934663451,0
28.227498960171935,28.462567643380645,489.2355967175793,37.56779600918664,7.239730554660938,0
256.96771128252624,27.16189485972999,874.0561218912522,17.567230605200848,1.2055841640369025,1
10.604524216648725,13.28947010632854,901.1983546912022,32.65125786238835,9.024533072858418,0
234.31023250938532,52.48602505989993,424.61232223908814,23.816184918224202,0.6644384435577488,1
376.092096569983,60.83570199363548,280.4436582488763,35.25995658670185,5.3396747254776376,2
230.1896711503516,15.913777548551714,594.3885769503954,31.854720314848397,1.4213712379345766,1
155.26797048260877,79.79748550255096,912.8015288886075,33.293423394991734,0.11706610730904066,0
257.3152873769413,50.795995127322485,214.60887806063823,29.684855130432144,4.22034260127639,2
183.30115619660666,57.195124239482205,624.8517506456653,15.322863084091207,2.9504070765415626,1
218.24671572637396,49.668647224440534,633.402418992058,26.35080756690815,4.86000493797603,1
376.5859235106101,46.06867547877934,734.4474573032046,39.54009218573525,5.771998867345508,2
154.4410551203097,60.36762981773961,135.9098467016235,38.12164199491357,0.4373907230894736,1
384.4762255295657,23.971622133764125,717.2458398586781,11.29521207391035,1.2300329512374564,2
362.14025678242547,26.3735317445744,909.4873580623128,14.944444471883113,5.586423964504253,2
78.31645391571857,87.56070589121656,183.78469332589077,13.951863203636858,3.4316735317265823,0
27.744520350066182,95.15039159202695,241.35560829925825,31.779397299558866,7.29173487549448,0
40.31120055097066,43.597838465177766,971.5381185714314,34.53355989570835,6.522916485919397,0
7.288730260619891,34.367020582919835,185.0720679459423,16.40534098932016,8.456043629899067,0
37.77718430237136,67.95995889151142,855.1131679027312,25.175580788554868,6.924928266692253,0
273.20270936654276,46.78607539882868,494.8164671657946,35.221090840336004,4.299310773901482,1
28.475459384091593,12.284772009431038,250.99491903116115,31.98404634298752,6.729666223944324,0
127.59025211750452,24.053733762957133,871.3961517661488,26.26711616475545,2.753811742554185,0
337.95012438778184,74.43750059626578,448.07872872765216,27.710430713763188,3.063134987782127,2
9.308774294330346,69.30315477191363,517.2432671600418,25.2508164074884,7.889851599207933,0
325.7873930355743,12.438639325313513,362.43720255276685,18.92645353956462,4.4641951640158215,2
112.74190990935998,29.97749457396545,594.9860971777528,26.950659785770483,7.983803405183525,0
47.2659310486625,30.796731692926425,167.70625322209764,30.66655906150272,8.224223736682784,0
278.6948661456603,70.47034692388556,394.1261289685019,36.199687475824234,8.575623376612837,2
251.5771387119536,11.773948397892774,969.5652607236111,29.088740619377443,9.166352358412073,1
350.98880541082116,19.369772378611646,261.8427655376219,32.83364611129474,4.309852205132962,2
294.02841752155433,81.99244768358705,658.4529812185857,14.80214904863719,3.188668183211388,1
321.39237215393945,26.069019584890025,328.5641139035714,23.846724232593697,5.821987465941138,2
112.81382902852259,68.74714970666872,774.6057600581677,10.279948594812799,3.711724234376276,0
70.97581751188913,31.436450294205386,135.2192924147581,17.40036593564869,6.010741668002329,0
300.24590065634334,18.949725348341065,969.971939853152,31.793851453390147,7.055858626438246,1
322.7338957069056,31.88549718995087,456.52059367672103,39.7542985404809,6.884050184921369,2
396.2020568002693,75.00402386700932,239.87021102973165,12.975342987616477,3.7455288702012135,3
165.0470707645706,87.01268212956572,78.1292635933626,22.044829475838647,1.6686020169875282,1
148.80723431711326,84.71978781102925,173.90911556210304,34.00212906097478,4.305293384622075,1
310.56518429679875,45.74651766566093,522.1750788132375,16.121069038866963,1.4259414408190874,1
136.32141610120715,70.12766229135815,340.31816054912986,26.65254847906859,8.900970351838083,1
372.3029302414259,28.448586587423886,829.7389490531964,31.992138880890245,3.458774607378574,2
343.3651007372047,36.383295723491194,433.7330860434969,28.47956350780537,1.5445974722332378,2
171.59761095000735,90.67022366690078,252.47070122469177,15.640742038462484,0.2544775990575088,1
300.34842711659894,11.170173115966243,619.05926167101,20.661537060572183,6.458223862864843,1
301.81714963387293,17.695767776902127,708.2433308010186,33.513753534561914,6.369023174547433,1
41.24954753437304,28.70976296314246,171.20669836144512,26.6267954239605,3.406041665812917,0
361.0211626718267,12.387898348643773,171.78112020687607,10.156888406287383,0.7171188884765101,2
202.10094897914286,26.329189158081757,41.48806979887526,32.829722800842816,4.096288948952321,1
330.5829864430967,62.473740487272295,737.7200049903123,11.059340648207172,3.1121749506339356,2
128.0198404122447,47.92820955332481,665.485504983696,32.37201348193696,6.7712063973500936,0
358.2092913984802,90.34045399692774,477.2577213710648,16.074416804957124,6.057792494526904,2
155.68067149366524,83.56992055645968,844.9495967243512,38.74220440358141,3.6459372819754,0
4.335060592119344,40.76356165280884,806.6418021853029,21.038222539062534,2.178925542549901,0
362.15279056770544,33.34810900881632,587.4275925747684,19.807948490142373,9.880359661555918,2
36.51467071445342,44.17231673505402,868.9299241106924,14.46664150997334,4.540016211961149,0
127.72545503616595,63.1265448263327,209.81200398658441,19.168126464706447,6.88274235780237,1
380.024786820322,34.125727674058865,116.36002130073923,36.29952285484602,1.4055296757836078,2
380.24285877502246,66.17340170642206,273.40086345940466,39.890030128817415,4.855896996593978,2
229.37515524931445,46.84704869721164,61.80142180886828,21.049285915205452,0.27536719869465487,1
252.7348848679197,59.68424627667822,533.5136803610269,23.458318928636277,5.054551179104499,1
179.37820879132792,49.2513876221785,936.9226638334867,31.66212814608211,9.640174071177023,1
117.28430867922582,36.50191835877259,44.1468229651671,36.585873413952235,3.8420671298580023,1
131.4658181479664,95.3607976265941,126.49936443997666,27.791330025603525,0.38996012574911587,1
269.00738243081537,78.72452147437848,454.9380331420181,21.745770945334883,0.3095579091934353,1
300.949811775072,22.61018581898073,934.2056424402654,22.37865522545871,3.879867599468695,1
316.6316174903394,88.16211783081215,319.5753244518668,30.868544394904205,1.6002493646319405,2
315.8472571178215,53.86880784245623,509.69863464495046,10.096547908128361,0.23352096328185912,1
36.482441219476144,90.50970042046822,46.36499475514014,28.58768012379522,7.562136139501768,1
197.76812188103258,81.98697303525837,152.60148495727842,20.664790313240722,4.585230088818907,1
23.023504006657713,48.26921540223101,986.6969723440527,33.82591993831252,2.8924477197265452,0
219.8115529294942,12.022237748810566,965.2931029538653,12.789719194693966,9.000831830164808,1
176.6122005493508,34.180962344645145,9.915281029737567,27.646068008451714,1.161389602005256,1
355.08167310331993,58.747079319478026,952.0527264961228,24.429186696583713,9.559188289553193,2
140.36600502083147,67.01303978435325,640.9243381264229,29.26976577715682,3.139667173773528,0
46.82680657104235,33.20989168898821,868.578703047422,11.945607834489051,8.884036723086812,0
57.19667282113434,22.54204666655417,457.4661563556898,27.399513622843937,6.029428764794615,0
304.6042526869889,85.14372131193691,518.018048436354,26.844537638785713,8.267073597414875,2
247.28722532650443,98.5961962633197,491.4023473556356,26.819802832485127,9.840131632104644,2
40.4490704491161,57.312116407241724,668.5299362583738,28.104629997893646,2.8840543781874572,0
33.64272244599897,25.451135726347317,143.95299848253134,30.294038116790865,9.61135485407593,0
280.387652583648,34.50765938674321,34.823721923314565,34.14966999042309,3.8948189490242036,2
29.10520254567741,11.655160889272006,311.39029188323497,18.09462160384643,3.8551190473692234,0
328.74402371614246,92.28689259044491,706.1573589229635,34.751482305401865,3.403871042545057,2
282.4968908625985,20.597597460112702,205.84418486233363,24.94767046790361,5.414076073475852,2
32.539512256759906,61.88648279628282,675.0652711582927,12.311748374029936,1.541450431784871,0
33.93508563407677,34.66496986184854,970.0624858767341,11.756527877319376,5.537114853580112,0
394.65583140047016,59.87602022642141,98.4312122104713,20.027149560881824,5.41704812410004,3
149.70831830244813,68.62783495166778,674.2391076340007,33.54690931334403,7.6190181260487,1
148.25685882675637,84.67676233364814,446.5314682080483,31.230428042227473,8.336499619375855,1
325.119826903001,28.577914458454288,868.8015431056178,33.65844894017219,4.404413503124241,1
378.89943095354346,10.989624579263243,181.26404050014898,25.51807169324828,3.0233324935149373,2
394.4004255291484,22.319706706192655,694.1628224650337,23.205969938664715,2.5933489731709445,2
301.35127410357666,91.00167776632946,838.9247131998696,14.42357580118852,1.9462383670487193,1
150.5038342123663,88.65010698062638,944.8911483766532,19.845782608279347,0.5764758219902488,0
33.400286679467506,63.76717919532775,684.8317881481976,23.020580985216256,3.424479788347133,0
310.8587663709747,64.0465174390288,499.6888901883852,12.658012890388516,2.7024769213078326,2
223.36169989432202,69.853300709163,619.7580040002077,16.618358581336338,9.664173858664073,1
169.6888036987905,25.783415076110465,869.5604595563246,27.946758821912166,5.577088262500439,0
362.5417540378944,92.29707513324638,572.7566979056355,32.0698934271757,3.4727703903050755,2
44.478992922460534,47.68934724028658,35.235124398352674,39.95042534178849,5.80467600993696,0
197.05004171634366,44.48246754245477,931.293952029443,37.99339994030673,1.391967013456955,0
4.5414579069676275,56.70259347545538,691.0791172764033,29.276955986055746,4.4404374920220295,0
187.4642567976505,14.226937009754954,678.1308188483603,22.63744159882216,6.262343214210638,1
22.52131027273494,24.965503188047148,219.5967766357286,29.08532094124698,4.888978317924514,0
47.52716650722877,76.42302547837333,660.5910428814939,33.56954854240696,4.017788006543243,0
47.01049871084195,17.45188011326138,396.8950836258877,13.55008572770162,9.938483888996982,0
259.6841208464254,64.28368985197494,652.9768121562846,22.297146690888646,8.80314762148927,1
298.41795170616933,32.081419871318886,111.06006515645076,35.19406856906852,6.234059581594401,2
233.34750603886386,45.036605263777886,659.5560780800208,21.51498855799132,5.693773611822827,1
384.86901938981674,35.98243630936299,999.4166571418132,27.156168136815594,6.2066047982458405,2
149.94823180948163,42.01054448184542,52.970978666253245,27.633080825865946,2.0131210782243327,1
114.2848345127443,74.71413146658209,977.2883133002107,15.53428759400918,3.951377432643186,0
347.4396512757841,36.74095440608575,409.87342091925626,20.867063249568652,0.3945953289089932,2
89.43833540778105,60.976417626720746,871.3996830855729,20.035338662257963,4.7554603748682664,0
385.2890157762445,52.84453619791897,783.4735566379821,10.785901255961944,5.4302458395766315,2
4.8617898759265366,69.73040488263834,569.1811796817344,10.725752916740657,2.277497361032096,0
387.95153068305564,94.31467653922822,739.7569632050698,34.9509113102732,9.640288471655138,2
17.263964780230445,75.93148874892253,879.1229834948412,18.19212429918437,9.09454610937242,0
356.45724547922845,29.34463407316811,407.1196200427778,25.542362987164463,7.221432354559059,2
211.08044363451995,12.80648215551562,330.3979957554225,18.961767207663193,5.333866287653626,1
397.18591844772016,33.60376398698426,669.2554186357668,38.220377353460215,8.69969159647685,2
29.518625894159545,63.55701376302294,808.8067122315523,17.778902765973214,1.3065234382346291,0
221.54171376052832,14.628323213582531,763.4737091027326,22.889704382168052,7.90509794274885,1
387.7210142476396,54.67296224811127,798.8245806143414,36.181907514538054,1.248208139668483,2
209.23913766805953,63.71585640252003,438.4053982388683,35.25800700375426,7.942106625494054,1
251.759455254105,40.08195017352647,818.7450450941465,15.58304253538832,2.7576756825135695,1
278.29947559384686,79.38209833712398,124.6080100937554,34.079299293871316,8.770905810181889,2
181.8164259071093,19.593842782039463,546.7666524710453,23.74560660213678,9.440420938253979,1
251.0232320336254,16.762400356222788,10.729867195630963,24.489066162560654,1.4879596940511564,1
233.7257247692401,75.5369880583243,327.96290075076894,14.004399172478314,4.626756050653935,1
360.46320419639557,54.59421845855786,369.6292271970409,12.41804541271374,9.809873781626852,2
18.17855213658315,71.95621567849625,399.1918281512091,31.838179209212957,4.834074359731466,0
112.38527583689213,49.13446047433716,696.9898706564129,24.893834570658992,8.635475225145452,0
380.1645936306235,32.17618299151961,391.615310763994,23.105521078455386,5.887315221313198,2
356.10551355636653,83.71920859067798,451.450154509418,31.8852468595719,3.753299079196019,2
182.26270111428516,81.94742910720814,241.35641021995582,32.96538696973329,2.857835555258702,1
248.0530391206147,72.52268237689842,376.3855326711934,14.767245030080607,2.0322309108608727,1
110.95247319245307,34.49306235069665,231.13327912683573,28.30675448432924,7.617981913776973,1
75.24846388950452,63.12076001821784,77.82994414960142,14.060622468330566,3.8654050682302787,0
185.47936197599287,42.48765072460241,605.431350414471,32.54125258087137,5.112754622007511,1
141.34089121042112,18.242386599397072,669.8717345622412,29.708654688014185,4.9232548000118195,0
233.46244474034881,92.55822179160185,621.3928942795665,38.69843863250374,5.772790292331313,1
31.093854785993933,22.313676782706526,466.17657358156947,12.068740490692635,8.655771456245523,0
389.7579230664666,95.52136184387221,382.88685127833367,11.71164163453763,9.807393435834294,3
394.48429779184113,50.140519566216014,864.0169813239661,18.465612240796005,4.075842085738169,2
