slope_angle,soil_moisture,rainfall_intensity,vegetation_coverage,seismic_activity,severity
31.217808319315374,72.83455426177707,22.215951460634358,54.312769587940714,2.6170568373590597,2
71.55000144869413,58.24867297097084,65.02811368540297,50.522278374824445,2.469787990719998,3
56.23957592679836,37.8574854657695,104.753500305169,7.435996251611391,9.062545805210366,3
46.90609389379256,83.24155177362537,87.86698636914734,37.418543624484855,2.495461998495061,3
15.921304830970556,71.62580552984913,96.78733774337397,41.11858378465642,2.71949726128631,3
15.919616423534185,24.63552454104022,79.05400400528609,42.88816418520555,7.593982624179637,3
9.065852851773961,91.98344660444582,83.0731877421423,60.11637507659657,4.4973984245054,3
65.63233020424546,84.0283518630852,101.90347818783832,55.69224193905345,7.767105569551812,3
47.078050822024615,95.48199219627317,29.960161063102312,62.75098381537724,0.6536615756438524,3
54.56508044572318,75.3147557549524,58.73099563717686,77.66390984650218,4.875711936733843,3
6.440914600706171,65.20736763422109,26.545133018352267,82.23364517802888,0.3361360018328263,1
72.8936896513396,47.6418732661557,118.52016095959765,73.22169224151696,0.6265320345535452,3
63.27098485602952,93.94556350186119,113.28712076239358,95.7747511157188,9.06437453344411,3
19.86373774747933,87.94575005503675,4.731217364220708,6.732095354254355,1.3924537111759516,2
17.72774770449704,14.069680309557047,84.66902070188262,23.59890863993688,5.324206822752171,3
17.83831568974037,12.37302770475268,111.0297980898799,5.718473122923501,4.110956026007066,3
26.29695700716764,43.881703019024464,21.669041415280024,66.5100978446873,3.4734332625884266,2
41.73295021425665,82.94979977036496,68.15342766631554,90.31290215024876,8.998333456872725,3
35.2361513049481,98.854851638345,109.85859571056503,28.13081817474843,0.218233967754895,3
25.386039813862933,23.537520199317537,4.073517430295861,93.06828175564914,6.637896861755891,2
47.829702630566565,63.47176438169216,83.69043206962078,10.725402077508281,9.633944342135504,3
14.764570245642929,44.28017709679194,35.68188088470609,93.77142254652385,5.60168183461842,2
25.45012539746527,97.29229580331429,110.92754344518364,38.40415528776527,9.368224620330919,3
30.64532903055842,85.79070308221378,116.52698941984413,14.63497870267557,0.5225787928602377,3
36.92489889519251,85.44958342400241,113.31197869361208,51.15781712270093,4.187933190741614,3
59.96231729751095,52.18238438154732,56.905705998895655,29.393773933448255,2.6015779096205116,3
18.977164751085184,47.33375521038987,103.44511811871762,32.06292568638267,7.3082096498072975,3
40.996410688952814,34.60663647376356,101.34592782420845,34.19254666799722,9.812970904972467,3
46.46901982034297,15.073794698583441,38.292056789190674,81.28746029410303,2.565300624442478,3
8.25152889039984,87.82501386295479,99.46985689808128,56.22032128414918,6.5417460147407445,3
47.528139633100686,83.16109082170698,4.4409161658591145,34.57423141982035,1.9809763275974013,3
16.936688658110405,99.97459059575175,71.55238541784637,62.98170941453724,5.653302545716099,3
9.553611508969567,99.69731533665149,27.601060474524367,73.03431405120338,4.639324866883362,2
71.42198760773333,59.988853504236474,14.468026293273457,30.89928006968571,9.72005329631537,3
72.59424231521916,79.20886736624594,9.234384195505099,44.287164644908394,6.085272726964666,3
61.58781436815228,95.02891568941853,83.55465310537677,16.579178867010018,3.495063720868188,3
26.322963842135948,86.46826516096704,40.784995652167936,22.20918820579463,1.1409578488793337,3
11.83704798044687,32.26132915688779,86.97201258345137,69.70619612667336,1.5124682873493456,2
52.89631185585098,50.54897217790842,7.842760895873084,22.23664303108456,2.2531692995123507,3
35.81067456177209,21.62434736363455,37.83484053967324,54.89052144837071,2.50966661340298,2
13.542676439134517,95.86459245328501,64.73895508504046,72.35939486363111,8.506160578411379,3
39.66238370778891,64.5557171005792,94.88677978067562,15.153307694000665,5.612227882825249,3
7.407196478065288,30.577852495311646,38.25030035184839,58.89466086474584,5.233909113743664,2
68.65242814551475,70.4530615965271,75.1069651724411,29.37346445162956,1.1476887186921747,3
23.114598712001182,65.63154164121062,106.31732978834246,96.47805314757008,8.60139693349435,3
51.37655990477874,42.23464462295564,73.90358258187655,50.93683643839285,7.228143032084837,3
26.819775326258767,20.220183297966614,27.95513697043605,81.56929222864002,0.6766836190000158,1
41.40476148244676,70.44158760335196,2.9280937867845624,57.27152150484487,7.078350972297686,3
43.26971955402958,56.827693081341394,104.41186486811159,9.12419062120782,5.4353821734264605,3
17.93981188678689,79.50865525620753,2.5523293020464566,65.14938068143212,0.8172534574677826,1
72.8709239435191,56.814715100079404,104.96420072210393,95.38331750963242,4.583006415286564,3
59.25929763527802,86.69633502866861,63.47245608326544,62.15312291390146,4.8469628713004695,3
70.76492590949324,59.6716154897037,112.68812382154753,82.82294164554507,1.6577454016327575,3
67.63791452993541,60.484417438184764,95.85398829283984,88.99961401809874,9.456981470002823,3
46.85299851677596,88.89882423925106,119.7520932640005,26.667578335148583,8.49975371480662,3
69.53119645161817,46.31345795911573,42.08541785420522,25.14425979128153,6.690223373291083,3
11.194475143634364,22.061370560557666,92.06259467173523,63.04319394084421,4.622955610006072,3
18.718800369340165,12.590440868200508,48.23170963310906,44.04770463163695,4.1176554158450855,2
8.165910223737665,77.9623530106257,57.585074436469064,84.78682377233844,6.509734671509541,3
27.773123153428504,65.82785962181183,75.30065558620441,90.50219672281106,5.4543186940690545,3
32.20741027826374,73.36717912893012,104.84125370236065,38.57503103375822,0.6227310588188562,3
23.994432224172712,29.166774535801967,118.09001630391542,27.502703102575797,5.125026487703317,3
63.01162564063505,22.27343280280928,92.19280966374218,79.14992394816687,8.064036172328395,3
29.97273286855125,11.309019910109374,50.13201386008005,31.10657337707293,4.59239877596958,3
24.665415678116652,41.55288029259373,50.56284027324842,83.14836025879944,0.5195657755426841,2
42.988725821077395,63.09259181691698,88.50987619066697,45.25513409663247,7.862781993840331,3
14.864695748233386,45.30196405897591,28.653257492196282,68.4172404326897,2.013637821359744,1
61.15378865278278,49.37274298213561,13.256893575767359,14.075854814293477,2.5862083488803878,3
10.218545057583958,91.37428250443736,42.55465891689318,64.26663584427445,1.647063534322959,2
74.08208556203621,41.34299203209703,34.46867899848981,47.91792948003677,3.302150648714975,3
59.05713385076602,56.25905402438297,35.55697445471881,60.72780400167004,7.56751505688635,3
18.91009770739207,80.52877114670288,28.032930125989193,20.961349735762024,5.193858595039373,3
5.386548198652168,45.68885040891431,5.051182756363426,75.0030057696973,2.048812741507126,0
62.08229999183839,65.98780302050861,2.144872168009657,86.96572236660671,8.778300781520409,3
54.4800140693332,87.61273378720706,118.52668676832378,25.590281008623688,8.795818549515293,3
56.030501762869115,95.45685612918778,51.33277604830348,14.092882774415363,8.70578425046007,3
58.9889242680162,23.236613283613416,46.1191976591618,7.245665674401957,2.3879621138153926,3
10.183125621386324,93.3928862645345,81.55767392316838,65.98729254211027,4.512393441809881,3
30.092600998099083,54.29046637715844,26.190466543807702,62.673933428434175,9.849896561408752,3
13.11083416675908,33.24199494690625,113.99534207402704,56.936254207836654,7.7201247630999035,3
65.41723981129155,51.322218061443515,94.36140172986624,27.034974131017666,0.2716742122555982,3
48.63086887792905,98.20293177569293,10.729320277471142,42.13606961102389,0.6520459126049205,3
28.162861739685443,54.33562845935826,50.1096930941914,61.47525184268644,4.639313768123328,3
9.449084520021653,39.587644925875736,105.49419690745977,52.19285159162109,9.092202058615602,3
26.768762520096352,67.00607688850532,113.36784267496924,98.8396244204143,5.387017979527142,3
27.762832541872292,31.613105690037376,56.08818134998437,17.961776492889648,4.9781250803429025,3
56.072432483664485,16.827699529779753,73.60936670528493,71.03873263452141,1.0547369995663058,3
49.62902299486492,21.59917497195843,20.044073531049026,43.410282969907755,6.5678010472429404,3
67.10489198034286,21.524125506199518,118.94023513643718,45.6789634179334,8.221031606002255,3
38.055044761336454,23.67124241610649,27.80060416601321,73.17178773752674,3.8042000750756233,2
13.371597215681119,22.49444553844691,113.12781289621508,70.78143437581511,7.756118509253275,3
54.92713510560965,67.67872703228932,77.95759787908422,99.1693194017079,9.644766539008117,3
58.254953403182824,26.369207595923033,72.9284153854631,17.197457498141898,2.037664591276891,3
44.28940382986474,41.11005549914769,61.52262132198103,14.890416691495801,5.233296311947413,3
58.96770259681927,90.71095689154106,27.680377406131043,73.81218762723041,2.8713795808457556,3
39.56569174550735,52.65654762365851,21.18336384066099,59.94675711560886,7.9285441903383935,3
41.59129805673958,70.08019646689245,26.45834508842104,31.04526332318156,5.775933658811575,3
34.927871285098476,25.508788408146685,22.37259145731054,12.544840053953727,6.345824175503037,3
6.779338872086663,27.30601169278037,93.5501368280104,13.1375337116609,7.979141596158941,3
12.552399889531312,13.678175463983099,42.01503110000761,89.94813309309124,3.959704726624549,2
7.200042998071398,25.204155676494807,6.941121187607564,23.227395848280576,9.150900684070432,2
49.54872878846463,35.073130512876276,116.29231561689735,35.72029840097447,5.3302886724614,3
27.004918675342868,25.93094358490721,106.05430619561108,26.53235821156386,1.57954822835348,3
40.599948381529195,17.983228038135003,111.33027398342556,38.724649054034046,6.958991181688025,3
68.5296531748265,20.857228399054073,119.38893871757223,11.59526506087887,7.9326135043825445,3
22.450456040421248,51.47008912294532,20.867429906338476,54.31068013628568,3.1676167706752665,2
33.72680461249408,28.570034656521326,47.54904226831905,11.423193541260416,8.57179256998753,3
57.88857969801341,42.78428749432679,90.98861708449095,81.03386824312435,9.061432547657663,3
21.015871584413574,55.30755437693712,83.52247416645507,27.202647781491137,2.769044873778089,3
10.38859368801551,72.13553457664287,18.467508760782607,56.301131887428504,9.83521472715222,3
25.282601703963763,13.538092585698905,97.89997499887413,88.60751331833853,1.4071152804875842,3
16.28549010778031,81.94693590181384,26.93286862039928,66.83335005948345,2.0201566840249,2
70.07883566398012,66.51103505418169,26.85811377871477,55.63098972237685,1.8422483923802613,3
61.568426569509185,17.35831287539847,64.43693074720963,35.81170654596068,8.939897100078705,3
49.33826295572964,88.62207616960995,71.15279218100437,36.63518174052881,6.542925523249618,3
66.00224131314025,92.87851604786319,69.61034494053735,68.60126074382806,1.5210428322227287,3
61.25704538293801,15.497016386937737,10.978420487730585,99.44323931601092,4.40323418368349,3
18.05990412202251,34.918988333248336,105.29530351564564,67.87472303569098,6.15298025069802,3
67.47912989429844,82.55811518137551,31.87200511064473,57.989424650152365,0.8346408498938329,3
42.75395693409555,77.34337213452925,15.5417905539365,74.41179847272838,8.824163684073387,3
61.52081086148438,26.60689174207396,106.64976958427727,49.19453316695322,8.036035354415352,3
67.72639099464453,28.841439100303926,114.6781797875704,10.713522547074597,5.052067735766382,3
27.26024324803047,43.34248925122438,103.45531407185408,58.418197508401434,9.671266152591704,3
12.703634716937373,53.60706866719192,97.14192896698538,95.97440202801111,4.177609792750997,3
20.95546137793592,65.64292943772664,78.6290376766826,21.653779523977665,9.841103190364977,3
34.89754520383794,43.202227561279514,66.10288447309672,70.55046462796325,6.67919998803627,3
62.261033614574515,51.62812445198331,10.438411189369216,24.088700422610366,6.346712732539414,3
65.25114082794404,77.2723844320381,49.014385568483846,55.90363002494272,1.65954895295785,3
5.486649137183349,13.30148826015381,44.72262204147768,14.184262716438363,8.81927758304644,3
40.7523111804296,32.719324990961866,31.170454051239144,47.78523894452759,4.2748968792061515,3
34.21877022041453,74.20146272960972,86.8104136426302,76.83551624504838,1.6223340578247936,3
20.54754673295112,90.56861539184794,59.505088209452495,38.0192948027033,0.1260751997575904,3
13.390575713357796,56.05096979040995,9.725545908917752,68.16661382628571,5.597556836383825,2
28.633061998253957,57.89021367387841,26.421984233977362,80.56774627502428,5.2739962212267635,3
71.00367927387634,19.645481020579844,81.99105163915151,93.081892850548,7.193536223691586,3
27.624205241452866,50.26711301411092,9.135703138836021,27.290997776268085,8.902580530178021,3
41.315343522035626,57.935553980952086,102.14482968585224,42.935012001884274,0.7940658464302952,3
54.211327122662446,31.82234532712567,59.41758324167692,19.479521266389654,7.314964903403624,3
30.454072166550578,34.231890785444286,57.670389279197764,99.28593270504565,1.8741194409758222,2
73.02474579046725,43.95557467941604,71.08893415914211,93.06509195280806,8.581770531571639,3
72.37131064594779,11.806407799995373,98.9617159110179,56.29592737665316,8.19063513861656,3
22.62476070777549,38.987124902486045,41.737104948263166,84.99316296576002,5.407937549855443,3
39.80739541246698,29.03032062968902,81.36193830708763,54.491007840844006,7.102427986233115,3
26.061481687173877,39.47476169601232,67.88783567949493,64.24064036026218,3.1435011318374837,3
24.938834606422734,20.778591863732608,32.04339242033056,13.46682105102158,4.7116789893281465,3
7.582086314817296,90.14745526659054,105.43559836261896,76.75068994719675,8.216368977104716,3
47.66950337859278,63.42332081986438,95.69112259283138,17.132780945347307,4.592651971732139,3
40.1875316260203,71.11920872300406,79.01422015901106,83.4764248739902,3.577982653254418,3
8.603512587499255,81.02541147466044,102.06980749130904,79.29266832868666,4.942124472502999,3
24.5052524965628,54.85979790361515,104.07530411517628,72.33074628558276,8.282492524372184,3
68.57861201766576,17.82282592786813,85.00355720580417,8.4352361498524,3.3520804737087273,3
21.76933234668807,58.3395887636693,100.44159940364065,33.79719381480622,1.737615931357438,3
15.142641046385616,62.815700621879124,83.69657540031403,29.995694141530073,7.120140203307807,3
39.26169321942941,77.0895526765897,81.61689261123605,39.212958709794314,8.259782127080818,3
73.99553178774205,48.84935916067114,74.23336538582211,13.326060942564661,1.0063747852353333,3
21.94386900580503,21.48222725160074,90.32599674691694,94.01099318795096,2.3987411275594472,3
52.0494883184115,35.539831521885205,19.032612635168846,57.61121286767575,1.419719897609939,3
58.31337307301023,42.67740667587716,105.70449110387142,34.024809512512235,3.4794141158216663,3
21.634628079467976,68.13255171984412,104.62122332942783,42.71324412205693,4.503509789054126,3
55.97514440283017,61.37004742020207,3.5096739641470975,47.48424134795939,7.4882633696330645,3
30.744819290347724,42.048705330806165,99.09801006777153,62.056461669258645,6.511475848816741,3
49.26140814155056,98.78637239136818,15.464384096813424,53.98954563116729,6.2092856747843115,3
49.347079753262626,64.51973374211985,40.214262511097026,92.34223745536964,3.523749466096544,3
42.50422788523309,31.350411256239504,89.22099075499293,52.21153087605387,8.4144755308476,3
11.320283903808582,19.160422535836336,19.291187525796985,99.2550114082147,4.712871673981645,1
63.47117469124666,23.75732252658988,98.15604289428747,85.88537098578409,9.791049380151545,3
27.454604548021507,32.136195554605735,99.85610135492902,24.8084988639469,6.3414213829573685,3
18.0562957279898,24.46132359336001,60.896128051300344,93.40654539117205,1.2626474156450274,2
7.854259908833474,26.79103216461752,0.7663046060200296,16.054807799120226,6.7617756207543405,2
46.36250602317693,35.65856518244624,34.44457598098953,82.6577223066632,3.25104015431699,3
52.42950532895977,25.603623576527934,74.03123020508906,41.159212880275106,6.8632719668609745,3
6.161148024949931,90.70888821637827,117.74234136329082,88.4075604422816,0.6964114816240574,3
40.84651408094967,17.2210371095478,75.81762324200021,87.46538556020778,1.7488143717595939,3
20.85470426385566,57.20602506132292,31.176429727699176,81.562913011174,8.557372589057863,3
50.16209532866149,46.935714429069535,76.08068437195337,80.05289144917083,2.271795570235149,3
17.205650030349403,98.41407552177458,64.79824556590266,33.944518214313874,8.3704112524294,3
53.36564166717262,20.08350119512471,93.58144741813723,12.687331889868958,2.792760884544104,3
32.07147424103762,45.80700391411675,12.837676659235008,43.28311698269034,6.428819100587076,3
70.57109921157142,97.2523389947832,91.32334830024337,21.484828923718325,6.9415057350983105,3
14.626466090219527,87.89564133045822,64.95198944113324,71.02035344573386,5.126547531450529,3
28.874644573518097,83.5364863854352,115.55904046307936,37.87947402108963,3.053106766967313,3
12.943146486841234,33.211254434044584,41.02465992464233,97.68296908169192,2.126443763710961,1
69.7285532794994,25.379882865105923,75.91462717607378,65.89234734780655,0.3318935456242622,3
66.41375473666866,70.17788979319879,111.8433726612021,83.13565354526429,3.039464012407238,3
23.055913940060893,93.64383902148272,12.30116735888151,17.5898439104756,6.53162790531283,3
51.19888322239253,60.10866037125368,112.46741846837413,86.89137581589914,9.383048184484826,3
62.20555401408511,61.44514205229099,82.54628667609761,92.66193309877247,8.71204482263052,3
43.864056811962364,35.19811842942558,8.14044709262063,51.27088228779891,7.660647765353026,3
42.07554048492045,79.25436398727432,36.11562803361795,62.59402908634286,7.884473432532987,3
21.92966036303162,26.833937370177104,84.9806506374338,77.65693108578456,6.649849034759953,3
11.517193746412945,39.131131276381936,8.082072176252604,21.60966958973919,2.60286857566003,1
67.80510305673288,48.28927947547751,69.86045522115279,52.74377726402703,9.071950307058298,3
68.02926400143313,55.68493408160095,41.50596683435481,42.87298763836974,6.707323119058341,3
49.31710200912875,31.816875917357223,74.50986213209725,18.905529255413665,5.6044063098044,3
28.73208537340905,20.335314226528318,5.489044057501542,39.91577011769549,1.1098946921348107,1
29.444670222886263,64.95580381974693,104.58441673828516,11.476369391621889,4.470555438064254,3
55.816897520916754,35.97674979162302,116.81867630128762,7.452131160201263,4.6035827120192625,3
67.79771819668039,62.31143992803511,116.26534263428297,17.840797469708164,8.645636095226699,3
67.0960496985582,23.892644374678206,89.95821980915096,96.49593560097152,5.466482201877884,3
59.59128821003367,53.30260916693357,15.610348815675836,57.20530591002661,3.8040054897040965,3
49.942215230800144,57.93304892964273,90.99158351148272,96.75310530955589,9.768003285106593,3
10.88979754965342,14.664118314018422,2.9504299750561813,46.087298441362535,1.1072059332631567,0
16.314009986622963,40.294385037452855,2.6548261834796705,34.62253264309966,4.225484283119446,2
67.89879319689555,22.09732092450768,38.83322629794495,53.08347696982319,0.4202467517140529,3
47.45003417617129,15.703747342549097,58.63718284855989,46.75361042012646,7.3990412076693035,3
5.643793613164076,99.09642091509507,92.44889013693519,15.038145004865672,9.180765521991507,3
12.103008000622246,39.01184604772507,81.99544519278062,65.87849989556959,2.8003732955048943,3
51.445123837563905,82.88870012691714,53.5083247652098,25.523627338411963,8.583416767991208,3
5.354310869235308,32.917658928738746,32.83519995379991,63.86085571529381,2.9221823046189774,1
16.256563599224904,71.33524500015363,119.65494001892534,66.76910377782457,9.107701616439153,3
43.41136525566103,78.42050739007179,51.141756268316755,19.44236104722157,7.5396190359678394,3
53.43266383848853,63.60748665470599,54.16644291956106,10.828214575513474,8.049067768414385,3
50.637288165182035,52.441856969514255,19.634858543000302,79.17235067650178,0.180065556004545,2
20.698851662239186,47.06568227325417,95.37714584999152,48.68104025808542,9.62810357074026,3
54.85254549432751,41.39814398886958,83.24186709377864,10.5255605730202,7.266709920703232,3
21.607436124776005,93.65762298230433,26.492353534651247,99.51230013112787,3.047510953861333,2
27.77797887114874,84.75574670089563,9.885725473901124,10.48915329465483,8.29394664858847,3
57.25439835826169,96.85242195998613,81.65991624896557,71.02834674156256,2.8152119841492995,3
50.474302933305026,21.186750113699027,78.54134571373623,98.4494979000243,8.727538395661279,3
64.44563873459245,75.77807276832799,32.79114323978512,27.722109900512933,1.1258039041193701,3
51.03290246102404,94.45064111389341,114.10362747004925,18.513690025283637,7.036859774607958,3
44.781602233483014,26.310975954909413,18.126947013708026,16.531569245130747,5.406984766449103,3
11.557233747966473,15.984664063009975,51.88017612511223,33.81113901892158,0.9653447019544081,2
30.740106214160345,76.70085843610532,113.23391042011187,14.599352046011436,2.41893828258839,3
23.56416573772078,61.70258018619207,50.367278031134674,70.75532746094252,0.1240403627731479,2
22.07927503653585,85.76458990824449,76.62311371969027,10.917720822355957,4.687679654645058,3
73.11073883267119,22.579513896366056,47.711327755535315,53.395102174230026,3.0126526076000038,3
32.51684072667323,81.57405806739011,32.9058242818404,99.68620111603279,5.983574842977588,3
67.44325886239793,28.14645880429701,118.0773177551794,82.32717560307178,2.972378077086172,3
49.1797038198084,24.729034857913405,49.12008075780516,63.44584663194603,2.9991911150698467,3
60.63679124791539,24.783921813789362,107.29190444149613,34.09409397472811,7.431931987316034,3
40.184596517363445,83.3117248208244,27.594552706930344,64.27010444770565,0.4814283597835345,3
45.383271923845136,69.867749862658,25.572564483009998,55.068939071606906,9.028949951919872,3
39.47623856732047,57.07588822922074,3.7360899461413632,45.47792146958529,8.522638743911815,3
18.667009145863116,42.29474357111523,78.2000190451062,17.41748579031895,6.678046832264065,3
55.57164806830537,88.94804867317974,44.22316124685133,89.22740044784435,5.932215701073843,3
24.654065370859904,45.32005966803718,103.72298998075645,47.72954163802564,8.923024981396523,3
6.702117650201769,83.49394955244193,56.78518880298686,23.489138622972682,1.8533017952871444,2
50.183060713501746,49.52214177131966,116.18321134976661,39.93713833334251,0.7896916219082861,3
17.39774755849343,43.92499864824168,22.263061884374537,44.34232649024807,2.395101699095381,2
70.832100904704,51.64118071026458,104.23478015467329,83.61610007885305,7.945782787001903,3
71.77500039018112,37.12400867477279,93.19162233500901,74.6933661533332,0.34670266726483323,3
69.0405073154314,77.2848442158626,92.51062135728624,78.08396489592728,5.828068350834896,3
30.911109017881106,55.24483510832312,101.37398737402651,6.0479701207214855,9.954375161913099,3
6.08196315702072,30.89914256321356,91.32287891315987,44.534629827077346,8.556960938375394,3
69.98229938114078,90.96171159471116,75.14643859576985,50.72769440535574,5.214456890435894,3
34.972890382212,44.55020992358903,15.749385321886509,6.823266298190385,0.6364090928664234,2
72.66583733305687,58.919757500258974,3.90314153895023,29.682254830778252,8.313735143857098,3
72.45339839624769,91.58248998680922,110.50174173788243,77.22753319660282,5.989785081772105,3
64.71066188271521,66.18141963225929,73.99803774248856,18.02542204425491,1.1493299705956683,3
25.611422444871,20.520823663752765,95.58447491714116,55.85446248799621,0.938572848233562,3
31.95684100213477,94.58489112521276,57.78268218150601,25.44417784163756,9.096268194365924,3
64.57956700617999,66.4937247764276,14.076982675487336,6.151473591169861,6.692002629380784,3
27.184540360939437,40.14150531913775,15.022295064306054,27.91413847195644,8.292867993167555,3
16.864492268026474,22.53448653970485,82.26783446747656,97.70800671645512,8.789789002822673,3
43.97608837208451,81.46226703432664,51.63670738793552,81.14602562888402,5.717723520483222,3
70.53083419125467,65.80654803356622,24.062967204040405,96.15978121049817,5.174463517550413,3
53.72208576724811,58.01149827786894,58.99134560897242,51.34613417300443,4.304274103209902,3
44.90428190625555,90.45033247458619,7.7050724490160905,15.424938874362834,3.169465877911193,3
11.802354563953799,80.97374901020777,69.83656822972786,57.05615145250083,4.345959608587117,3
48.05050586894188,23.650739175947606,32.27920853221172,48.16584678319629,7.738796557301564,3
74.30376950729843,38.05498610159934,95.70709207646257,85.21392286026352,6.019234310151315,3
14.805881066556681,32.36402258330192,37.24343507082885,14.317845174503235,8.925232899548462,3
41.283075665461574,76.95516633154092,54.626417889816146,51.38290801706893,4.433800143791878,3
66.41611503495687,13.017919126220145,1.3944647889720763,19.254623145928505,6.07089578718754,3
56.853803242794314,61.29007163841849,8.693626535347065,35.844213054555695,6.313075530919887,3
53.79110186966876,78.62128171666215,47.099226768802176,75.04892235184097,5.916971623063255,3
54.17388587909765,88.90890730855745,57.59266016605482,50.22172229003282,7.026337730855163,3
30.16438058538286,40.78735738443167,72.00246577431645,40.70938708884809,2.374334683748063,3
25.551429098514536,83.91315742048116,34.99950944511639,42.47524646415336,5.123637775457906,3
61.655280883495955,19.95685632596865,83.3978263351851,48.64744299856873,1.0422480280834767,3
61.707937627542655,86.18070625610663,103.21468766270455,79.5765716645204,3.8451132764481253,3
65.69506230060726,21.47397960987842,93.58211866720198,89.74804544932226,4.876670686212644,3
68.92683867895299,45.755856150433054,4.754259041802857,95.75679521787319,6.522242595454725,3
40.793967920265644,81.75658292015983,57.660833670939475,79.75582169425303,9.505310525862035,3
40.10614062810397,23.492568461389638,12.591621410180984,34.96365509606121,6.0065106654835585,3
60.88066252767426,30.632625570937734,29.045401903503297,70.37279707822151,7.435939161765598,3
50.49747515444356,75.00273115537597,118.39951119205757,46.57229678526223,5.062660594952027,3
54.137681408039235,74.80328828914669,17.099465148181586,29.19370909437486,6.341040313763314,3
60.705486860527074,67.70328695967676,59.86657841416273,84.88280004546264,0.7093221613377343,3
67.30037392722964,72.455360002039,74.17868811817429,8.650503151420875,2.54391580841847,3
28.659660979607505,58.84519990128366,84.29579646529247,90.66738925286523,3.618530932051387,3
31.29080668479608,32.66191530162575,67.15784201842969,48.840359139349744,4.724933550065136,3
11.578735788860829,41.112639415352746,1.172501690302039,65.53414029678663,0.45648745502383736,0
45.47960986973218,26.34379451212831,39.175356989279024,67.63862260954936,1.4002409755331768,3
7.515959165771946,91.76055052002656,62.125397206165374,90.03618536712095,2.7681430779130576,2
37.59186126927221,62.50526152895084,10.543979897380002,65.4836198058847,9.715326909010507,3
42.985124429530366,46.07662750872759,42.07523174510169,63.32369055220587,3.3134700710305074,3
25.057887648979907,51.58052232797194,3.9843730549639877,11.331943853265546,4.820410581120825,2
46.358328239830755,95.25550056506339,9.42941965860249,54.248762084794386,1.9609771273839294,3
7.13501749573346,23.801626280447216,47.63079314419153,19.266055077618958,6.107800710757683,3
7.61437321244501,62.76068488151175,15.925890485167242,75.05620802854114,2.806832155159743,1
62.58203924617608,55.52998109960194,68.10490179138698,53.661082477204076,2.0699257843842678,3
30.213344898788403,65.0308811891183,82.73579629647189,69.62163902479357,5.16572628445979,3
13.894235885631934,11.629916543875646,96.07040389308995,8.958925557226506,0.05505799160420821,3
41.5570282038363,88.49115180497364,24.018029309377212,13.055241524351306,0.07664032649225327,3
58.89954871690276,93.89064542352511,20.09790987108837,73.05072186595481,2.1906880910185778,3
20.10747192477902,60.861986523028804,12.548140840128031,11.848011919873969,0.3672136250082114,2
48.60233330733002,72.6985741489203,76.3716299452364,11.769389137699566,1.0802575413069138,3
10.974322549563759,93.02494430595661,84.77708717842813,6.150305147314308,3.388606493387516,3
8.61772048180254,73.65147708820587,3.7903373790770445,95.8676328384506,8.025856795798129,2
42.19482420977036,23.72851386228352,112.34546954924278,75.06329414860566,5.720486433693008,3
42.844458512707455,61.86595241501318,6.236554038176689,38.5588838076961,5.126677259564164,3
49.62009310487446,64.60435417445703,64.95556023612846,33.17088022232724,2.9348882320812164,3
55.82639336058631,48.17176041721474,85.08726233410997,38.22180682585571,9.317537194328164,3
73.30964556237743,76.27998120622506,104.51629484953027,78.59208546221228,3.9701504123719165,3
41.141024381083675,94.09303132921134,85.69043185589133,67.83020805168937,0.8709276679577149,3
27.606953105887218,93.30116616160987,96.20736996837502,22.593578947409455,6.170665161178013,3
60.663033633809256,50.57554342637189,40.73402310513673,21.540386856738014,1.138383934766014,3
23.958257588345194,20.19142412566797,97.77901364958147,14.347586722772744,3.452231428016921,3
35.72799944939453,98.63570790661011,9.613781566161016,67.72875837162712,5.074119387178088,3
10.491946693958617,85.50082778013407,107.37799872726332,77.61540291106492,8.742225246851758,3
6.7745520390820255,21.219641308294015,65.71108513844835,30.179410690875383,4.935465803401186,3
72.38538902745475,92.87576943556351,98.07573239549924,6.989771297936717,7.022587660316643,3
63.51860843585441,88.29067258559155,54.278194142196014,12.806308410260598,9.928168389990704,3
53.71819442655886,56.69542514134649,77.229323423583,96.9467033102779,1.3148911989798162,3
33.62670610899889,63.21478921704363,63.16831931233359,33.067253860354924,2.747315255195195,3
17.130602404959205,45.910243348311724,87.79074261063982,78.0761990446227,3.945760755976464,3
15.950592986976023,14.928547493982819,9.795597843670748,64.34303904115507,4.218281785388314,1
22.517002871521672,40.16775174813108,7.242250078867656,41.28426576702511,4.110210752655457,2
43.445866529428436,82.25681037382103,29.652388081217573,24.540289908577737,9.07611002556555,3
55.02171458900436,10.416882070414257,19.1453616135826,16.53170972514361,7.140326444668564,3
51.21381637024119,40.014925452202974,104.6140279910642,63.42623196369233,6.079052140907038,3
24.595372786216,45.8351824231849,26.30567848296532,78.59020916058986,3.093727178627821,2
71.84056964642359,58.36560426441306,117.10383069829575,66.1709040864074,8.237903842212948,3
56.652784168703796,92.78700547714844,40.42749501253282,55.378702658670036,9.550605114849889,3
43.80478367579805,41.17113949293651,21.854149882643913,8.985366226005445,8.211982825502265,3
47.820452236404655,41.22578817066049,94.7638208570975,97.00643387146646,0.01565105191472904,3
34.372004369945294,76.37511232987735,79.04493306010514,80.87784820718458,6.36401370183407,3
22.34116926508102,50.69961468008265,59.783485974376674,32.81809348659165,0.5113538144210072,2
29.91808750558831,30.214434064598375,66.64362611251575,98.09718128909081,2.5760722033372185,3
58.04922773250584,50.7195564519424,86.30421339267166,62.1787510154506,0.5952470034777169,3
6.007544204082911,22.677131834181985,27.414568959755847,60.33015252968841,6.037954529493877,2
13.125084835484136,25.874828785560098,119.56006992680904,76.06695204580555,6.865899134926067,3
8.220184941522692,54.853099546553175,116.97517945761398,82.11812986856307,1.1448763806590512,3
7.85101616232791,47.70329045540931,78.03908236163242,67.36546769649274,3.838388830449795,3
64.8822408807705,92.33613109612901,23.945094111497415,17.169095904789003,4.562365089555421,3
54.25605015660166,42.61545092049698,81.62738909175496,37.135413069477345,3.690530217609166,3
38.19216803611276,62.25295152502391,8.663809077501101,93.16794583097473,1.2102500048519305,2
11.848391245570102,66.90378591275774,3.6783002646967278,26.338483125165933,4.1894779018747546,2
39.41311125817826,11.178501092950027,30.92194662134564,40.35586726456376,7.511780478084181,3
38.143023954639595,69.71836348150396,55.51475480871795,46.04730387969862,0.7100766453325547,3
17.124130893701064,26.02323701827763,104.19270064900566,46.74347402097296,0.8018001408190345,3
35.369615446658116,96.49632857225096,87.26028837195696,63.22926033697993,3.547712918359842,3
32.895331407816144,23.379645497780167,89.12478254399772,94.59220458574723,9.417257116189251,3
48.109506863655156,47.316171135432135,51.05920013376904,27.86580762408797,6.6857264672291405,3
49.45655556073507,17.681470127077947,41.51219910563555,16.542630748587214,6.786699566725648,3
8.171280684043117,99.71868266613527,44.52465155815232,23.759696536694044,3.6191999083786497,3
31.222883023852987,55.19755092981183,118.51794764832694,89.2578655198806,5.9366079120853845,3
48.810194099996544,63.58465155880394,4.813102969497898,66.35202720224457,0.10131184027743378,2
40.21953810060614,16.036882964958473,104.04377953469383,32.16114497772021,6.360960464095422,3
64.95428888318256,77.496442335926,69.4410490286872,82.51495920201864,9.132869475762368,3
51.10855421332615,28.891503378602717,52.63385030275086,86.83014965452642,6.125734683448192,3
16.40540989570008,90.82488604966424,87.03091924981638,85.41886217557641,8.736985934663451,3
9.93981231803009,28.462567643380645,58.400272970964345,92.29802069575767,7.239730554660938,3
49.96934947444209,27.16189485972999,104.81078856979927,28.96289691646935,1.2055841640369025,3
6.855791737913527,13.28947010632854,108.08422368135102,76.72898323089643,9.024533072858418,3
46.00429068914243,52.48602505989993,50.60651122481465,48.751252241043304,0.6644384435577488,3
70.81611689974703,60.83570199363548,33.21933566820619,84.98986252455585,5.3396747254776376,3
45.28319245131153,15.913777548551714,71.08203943120347,74.20661433035325,1.4213712379345766,3
32.17189483445654,79.79748550255096,109.48360147400291,78.76250741747384,0.11706610730904066,3
50.03017529096472,50.795995127322485,25.27946268067999,67.33537457970179,4.22034260127639,3
37.07770233440616,57.195124239482205,74.75599002761794,21.855733099622153,2.9504070765415626,3
43.193175252115445,49.668647224440534,75.78722641110247,56.77755729520914,4.86000493797603,3
70.90253661435676,46.06867547877934,87.97356268983371,98.54362525482829,5.771998867345508,3
32.027184646054195,60.36762981773961,15.788122215271176,94.0518663172263,0.4373907230894736,2
72.283339467674,23.971622133764125,85.89899576185063,9.101504900716108,1.2300329512374564,3
68.37454493692447,26.3735317445744,109.08390247987693,20.65740749429653,5.586423964504253,3
18.70537943525075,87.56070589121656,21.561973064429036,17.51423347818338,3.4316735317265823,3
9.855291061261582,95.15039159202695,28.505198990865317,73.96809144860308,7.29173487549448,3
12.054460096419866,43.597838465177766,116.56741128499675,82.68960633640978,6.522916485919397,3
6.275527795608481,34.367020582919835,21.717234325138772,25.28357979951383,8.456043629899067,3
11.611007252914987,67.95995889151142,102.5262112043495,53.05600583042376,6.924928266692253,3
52.81047413914498,46.78607539882868,59.073342773764175,84.866787661064,4.299310773901482,3
9.983205392216028,12.284772009431038,29.667728928381244,74.61614675279381,6.729666223944324,2
27.328294120563292,24.053733762957133,104.48998815270137,56.512534521725584,2.753811742554185,3
64.14127176786181,74.43750059626578,53.43663060031986,61.08303059358342,3.063134987782127,3
6.62903550150781,69.30315477191363,61.778082471562826,53.2942519570466,7.889851599207933,3
62.012793781225504,12.438639325313513,43.108004327971884,33.267102875287954,4.4641951640158215,3
24.729834234137996,29.97749457396545,71.15410217219129,58.67708932160653,7.983803405183525,3
13.271537933515937,30.796731692926425,19.622864710202734,70.44410369475861,8.224223736682784,2
53.77160157549054,70.47034692388556,46.92978439821128,87.96567700677673,8.575623376612837,3
49.02599927459188,11.773948397892774,116.3294786802345,65.44767862802857,9.166352358412073,3
66.4230409468937,19.369772378611646,30.976011924135307,77.30654601910001,4.309852205132962,3
56.454973066272004,81.99244768358705,78.80839974495507,20.206805320684435,3.188668183211388,3
61.2436651269394,26.069019584890025,39.022807706963384,48.84796006988004,5.821987465941138,3
24.742420079991454,68.74714970666872,92.81677508239208,5.886503883573863,3.711724234376276,3
17.4207680645806,31.436450294205386,15.70483928620198,28.434492129554187,6.010741668002329,2
57.54303261486008,18.949725348341065,116.37852540942536,74.01386293573546,7.055858626438246,3
61.47843174870848,31.88549718995087,54.45474496603671,99.22194537818953,6.884050184921369,3
74.33535994004713,75.00402386700932,28.326055601575675,14.421919460785512,3.7455288702012135,3
33.88323738379985,87.01268212956572,8.81960967960152,43.14196000682239,1.6686020169875282,2
31.041266005494823,84.71978781102925,20.37094861050489,81.00674202642016,4.305293384622075,3
59.34890725193978,45.74651766566093,62.37287382672212,24.38338528974539,1.4259414408190874,3
28.85624781771125,70.12766229135815,40.44038117175435,57.733070183717196,8.900970351838083,3
70.15301279224953,28.448586587423886,99.46600390591314,74.6417731228191,3.458774607378574,3
65.08889262901083,36.383295723491194,51.706502839416714,63.51861777471701,1.5445974722332378,3
35.02958191625129,90.67022366690078,29.84571271051559,22.86234978846453,0.2544775990575088,3
57.56097474540481,11.170173115966243,74.0573983924836,38.761534025145245,6.458223862864843,3
57.81800118592776,17.695767776902127,84.8132660262535,79.46021952611274,6.369023174547433,3
12.218670818515282,28.70976296314246,20.045028948113984,57.65151884254158,3.406041665812917,1
68.17870346756968,12.387898348643773,20.11430595459812,5.49681328657671,0.7171188884765101,3
40.36766607135,26.329189158081757,4.400571232025157,77.29412220266892,4.096288948952321,2
62.85202262754191,62.473740487272295,88.36824180787686,8.354578719322712,3.1121749506339356,3
27.403472072142822,47.92820955332481,79.65654331461661,75.84470935946706,6.7712063973500936,3
67.68662599473403,90.34045399692774,56.95570508997767,24.235653215697553,6.057792494526904,3
32.24411751139142,83.56992055645968,101.30045387630365,96.01698061134113,3.6459372819754,3
5.758635603620885,40.76356165280884,96.68041835400638,39.954371373698024,2.178925542549901,3
68.37673834934846,33.34810900881632,70.24252372761026,36.058503552117514,9.880359661555918,3
11.39006737502935,44.17231673505402,104.19255366159103,19.144364781582244,4.540016211961149,3
27.35195463132904,63.1265448263327,24.70094520441219,34.03240047157041,6.88274235780237,3
71.50433769355635,34.125727674058865,13.430354327727345,88.28182237367905,1.4055296757836078,3
71.54250028562893,66.17340170642206,32.36995338203875,99.65176207458849,4.855896996593978,3
45.14065216863003,46.84704869721164,6.850422730717782,39.989405398150595,0.27536719869465487,2
49.22860485188595,59.68424627667822,63.740343360123845,47.618009940681546,5.054551179104499,3
36.39118653848239,49.2513876221785,112.39268307539538,73.59673912926002,9.640174071177023,3
25.524754018864517,36.50191835877259,4.721224880221158,89.18859914418208,3.8420671298580023,2
28.00651817589412,95.3607976265941,14.653189681203216,61.33921174774449,0.38996012574911587,2
52.07629192539269,78.72452147437848,54.26388339401223,42.19494132689379,0.3095579091934353,3
57.6662170606376,22.61018581898073,112.06500210334859,44.19907488061926,3.879867599468695,3
60.4105330608094,88.16211783081215,37.93873259721006,71.08372391719665,1.6002493646319405,3
60.273269995618776,53.86880784245623,60.868177042607094,5.305735042406475,0.23352096328185912,3
11.384427213408326,90.50970042046822,4.988743086047052,63.86098705868486,7.562136139501768,2
39.609421329180705,81.98697303525837,17.801184115450663,38.77183599192895,4.585230088818907,3
9.0291132011651,48.26921540223101,118.39561475506163,80.448746471323,2.8924477197265452,3
43.46702176266149,12.022237748810566,115.81424357232547,13.834110783197556,9.000831830164808,3
35.907135096136386,34.180962344645145,0.5927977121291539,60.8792153600971,1.161389602005256,1
67.13929279308098,58.747079319478026,114.21741425078868,50.69242453918176,9.559188289553193,3
29.564050878645507,67.01303978435325,76.69439253786004,66.02092496099661,3.139667173773528,3
13.19469114993241,33.20989168898821,104.15019534240265,11.161091475881992,8.884036723086812,3
15.00941774369851,22.54204666655417,54.568782676063094,60.09845980567247,6.029428764794615,3
58.305744220223055,85.14372131193691,61.87152342951003,58.341035856154754,8.267073597414875,3
48.27526443213827,98.5961962633197,58.66158963083042,58.26270896953624,9.840131632104644,3
12.078587328595317,57.312116407241724,80.02371090553252,62.331328326663204,2.8840543781874572,3
10.88747642804982,25.451135726347317,16.75815057075755,69.26445403650442,9.61135485407593,2
54.0678392021384,34.50765938674321,3.5968307847213543,81.47395496967313,3.8948189490242036,3
10.093410445493546,11.655160889272006,36.95159299094291,30.63296841218036,3.8551190473692234,2
62.530204150324934,92.28689259044491,84.5616915283976,83.3796939671059,3.403871042545057,3
54.436955900954736,20.597597460112702,24.222414254753804,52.33428981502809,5.414076073475852,3
10.694414644932984,61.88648279628282,80.81189199899008,12.320536517761461,1.541450431784871,3
10.938639985963434,34.66496986184854,116.38944553287246,10.562338278178025,5.537114853580112,3
74.06477049508229,59.87602022642141,11.268085894730206,36.752640276125774,5.41704812410004,3
31.198955702928423,68.62783495166778,80.71225418701515,79.56521282558941,7.6190181260487,3
30.944950294682364,84.67676233364814,53.250026316548535,72.229688800387,8.336499619375855,3
61.89596970802518,28.577914458454288,104.17707052530065,79.91842164387862,4.404413503124241,3
71.30740041687011,10.989624579263243,21.25797473368631,54.14056036195289,3.0233324935149373,3
74.02007446760096,22.319706706192655,83.11511426713975,46.8189048057716,2.5933489731709445,3
57.736472968125916,91.00167776632946,100.57383475777323,19.007990037096974,1.9462383670487193,3
31.338170987164105,88.65010698062638,113.3537063368828,36.1783115928846,0.5764758219902488,3
10.845050168906813,63.76717919532775,81.9897633947575,46.23183978651815,3.424479788347133,3
59.400284114920574,64.0465174390288,59.660971681011276,13.417040819563637,2.7024769213078326,3
44.08829748150635,69.853300709163,74.14166882414565,25.958135507565068,9.664173858664073,3
34.69554064728834,25.783415076110465,104.26859813744619,61.831402936055184,5.577088262500439,3
68.44480695663151,92.29707513324638,68.47316959665956,74.88799585272304,3.4727703903050755,3
12.783823761430593,47.68934724028658,3.646447163620423,99.84301358233022,5.80467600993696,1
39.48375730036014,44.48246754245477,111.71384346083734,93.64576647763798,1.391967013456955,3
5.794755133719335,56.70259347545538,82.74321012378734,66.0436939558432,4.4404374920220295,3
37.80624493958884,14.226937009754954,81.18160629326958,45.01856506293684,6.262343214210638,3
8.941229297728615,24.965503188047148,25.88101828772606,65.43684964728212,4.888978317924514,2
13.317254138765035,76.42302547837333,79.06625642791886,79.63690371762203,4.017788006543243,3
13.226837274397342,17.45188011326138,47.26372867849902,16.241938137721796,9.938483888996982,3
50.44472114812445,64.28368985197494,78.14795724497905,43.940964521147386,8.80314762148927,3
57.22314154857963,32.081419871318886,12.791163636958887,84.78121713538363,6.234059581594401,3
45.83581355680117,45.036605263777886,78.94143655236432,41.464130433639184,5.693773611822827,3
72.35207839321794,35.98243630936299,119.92964709247998,59.32786576658272,6.2066047982458405,3
31.240940566659283,42.01054448184542,5.785444663266723,60.83808928190883,2.0131210782243327,2
24.99984603973025,74.71413146658209,117.26090210655808,22.52524404769574,3.951377432643186,3
65.80193897326222,36.74095440608575,48.828955286744474,39.4123669569674,0.3945953289089932,3
20.651708696361684,60.976417626720746,104.4904140404711,36.77857243048355,4.7554603748682664,3
72.4255777608428,52.84453619791897,93.88625808699281,7.4886873105461556,5.4302458395766315,3
5.850813228287144,69.73040488263834,68.04195131840014,7.298217569678748,2.277497361032096,3
72.89151786953474,94.31467653922822,88.61390511015918,84.01121914919848,9.640288471655138,3
8.021193836540327,75.93148874892253,105.42186735616174,30.94172694741718,9.09454610937242,3
67.38001795886498,29.34463407316811,48.49683859812396,54.21748279268747,7.221432354559059,3
41.93907763604099,12.80648215551562,39.243979387588645,33.378929490933444,5.333866287653626,3
74.50753572835103,33.60376398698426,80.11120626763017,94.36452828595735,8.69969159647685,3
10.16575953147792,63.55701376302294,96.94151303295104,29.633192092248507,1.3065234382346291,3
43.76979990809245,14.628323213582531,91.4742161731939,45.817397210198834,7.90509794274885,3
72.85117749333693,54.67296224811127,95.73763786303614,87.90937379603717,1.248208139668483,3
41.61684909191042,63.71585640252003,52.26999777755196,84.98368884522182,7.942106625494054,3
49.05790466946838,40.08195017352647,98.14010594100259,22.679634695396345,2.7576756825135695,3
53.702408228923204,79.38209833712398,14.425086644473012,81.2511144305925,8.770905810181889,3
36.817874533744124,19.593842782039463,65.33869175530195,48.5277542400998,9.440420938253979,3
48.92906560588444,16.762400356222788,0.6910392597745885,50.882042848108746,1.4879596940511564,2
45.90200183461702,75.5369880583243,38.950299588032436,17.68059737951466,4.626756050653935,3
68.08106073436923,54.59421845855786,43.975384184567744,12.657143806926843,9.809873781626852,3
8.181246623902052,71.95621567849625,47.54072299311065,74.15423416250769,4.834074359731466,2
24.667423271456123,49.13446047433716,83.45606480278346,52.163809473753474,8.635475225145452,3
71.52880388535911,32.17618299151961,46.62697215244149,46.500816748442055,5.887315221313198,3
67.31846487236413,83.71920859067798,53.84323471470368,74.30328172197768,3.753299079196019,3
36.895972694999905,81.94742910720814,28.505295704919295,77.72372540415543,2.857835555258702,3
48.40928184610757,72.52268237689842,44.79021499552081,20.09627592858859,2.0322309108608727,3
24.416682808679287,34.49306235069665,27.272355271578178,62.971389200375924,7.617981913776973,3
18.168481180663292,63.12076001821784,8.783510852213237,17.858637816380124,3.8654050682302787,2
37.45888834579875,42.48765072460241,72.41383120576535,76.38063317275935,5.112754622007511,3
29.734655961823698,18.242386599397072,80.18553582660195,67.41073984537826,4.9232548000118195,3
45.85592782956105,92.55822179160185,74.33884152115374,95.8783890029285,5.772790292331313,3
10.441424587548939,22.313676782706526,55.61928525606868,11.551011553860011,8.655771456245523,3
73.20763653663165,95.52136184387221,45.57429362150758,10.420198509369161,9.807393435834294,3
74.0347521135722,50.140519566216014,103.60003794861903,31.807772095854013,4.075842085738169,3
