temperature,humidity,wind_speed,drought_index,vegetation_density,severity
27.359823921962963,57.362128551480886,14.810634307089572,5.190817851362181,33.55351153623154,1
46.37357211152724,45.20722747580903,43.35207579026865,4.79181877629731,32.22809191647998,2
39.15580007977637,28.214571221474582,69.83566687011266,0.2564206580643569,91.5629122468933,2
34.75572997850221,66.03462647802115,58.577990912764896,3.4124782762615635,32.45915798645555,1
20.148615134600405,56.35483794154094,64.52489182891598,3.8019561878585706,34.47547535157679,1
20.14781917109469,17.196270450866848,52.70266933685739,3.988227808969005,78.34584361761674,2
16.916759201550583,73.31953883703818,55.3821251614282,5.801723692273323,50.4765858205486,1
43.583812810572866,66.69029321923767,67.93565212522554,5.336025467268785,79.9039501259663,2
34.83679538752589,76.2349934968943,19.973440708734877,6.079050927934446,15.882954180794671,1
38.3663950672695,59.428963129127,39.15399709145124,7.6488326154212825,53.88140743060459,2
15.67928831176148,51.00613969518424,17.696755345568178,8.129857387160936,13.025224016495436,1
47.00702512134581,36.368227721796416,79.01344063973175,7.181230762264944,15.638788310981907,3
42.47060714641392,74.954636251551,75.52474717492906,9.555236959549347,91.57937080099698,3
22.007190652383112,69.95479171253062,3.154144909480472,0.1823258267636163,22.532083400583566,0
21.00022391783432,8.391400257964206,56.44601380125508,1.957779856835461,57.91786140476954,2
21.052348825163314,6.9775230872939,74.01986539325327,0.0756287497814212,46.99860423406359,2
25.039994017664746,33.23475251585372,14.446027610186682,6.47474714154603,41.26089936329584,2
32.31696224386385,65.79149980863747,45.435618444210355,8.98030548949987,90.98500111185452,2
29.25418561518982,79.04570969862084,73.23906380704335,2.4348229657629927,11.964105709794055,0
24.610561626535382,16.281266832764615,2.7156782868639073,9.270345447963066,69.74107175580302,3
35.19114552583852,49.559803651410135,55.793621379747194,0.6026739028956085,96.70549907921954,1
19.60329740151738,33.56681424732662,23.78792058980406,9.344360268055143,60.41513651156578,3
24.6407734016622,77.74357983609524,73.95169563012243,3.516226872396344,94.31402158297827,1
27.089940828691827,68.15891923517816,77.68465961322943,1.0142082844921652,14.703209135742139,0
30.050309479162188,67.87465285333533,75.54131912907471,4.858717591863257,47.69139871667453,1
40.91080672596945,40.15198698462277,37.9371373325971,2.567765677205079,33.414201186584606,2
21.58923481122587,36.11146267532489,68.96341207914507,2.8487290196192285,75.77388684826568,2
31.969736467649184,25.505530394802967,67.56395188280563,3.0728996492628657,98.31673814475221,3
34.5496807724474,9.228162248819533,25.52803785946045,8.030258978326634,33.0877056199823,3
16.532863619759926,69.854178219129,66.3132379320542,5.391612766752544,68.8757141326667,1
35.048980112747465,65.96757568475581,2.9606107772394097,3.1130769915600363,27.82878694837661,0
20.62729608168062,79.97882549645979,47.70159027856424,6.103337833109183,60.879722911444894,1
17.146702568514225,79.7477627805429,18.400706983016242,7.161506742231936,51.75392380195026,0
46.31322272935999,46.65737792019706,9.645350862182305,2.7262400073353374,97.48047966683833,2
46.865857091460455,62.67405613853829,6.1562561303367325,4.135491015253515,64.76745454268199,2
41.67711248784322,75.8574297411821,55.70310207025118,1.2188609333694755,41.455573487813695,1
25.05225438272123,68.72355430080586,27.189997101445293,1.8114934953468032,20.268620639914005,0
18.22317976221067,23.551107630739825,57.98134172230092,6.811178539649828,23.612214586144113,2
37.57968987490118,38.790810148257016,5.22850726391539,1.8143834769562694,30.27852369561116,1
29.525032293406845,14.686956136362124,25.223227026448825,5.251633836670601,32.58699952062682,2
19.027261749877702,76.55382704440417,43.15930339002698,7.090462617224327,86.5554452057024,1
31.340838033671915,50.463097583816,63.257853187117085,1.0687692309474384,60.510050945427245,1
16.134821196802207,22.148210412759703,25.500200234565593,5.673122196289036,57.10518202369298,2
45.00757326859981,55.37755133043925,50.071310114960724,2.5656278370136376,20.32919846822957,2
23.53973939280056,51.35961803434219,70.87821985889497,9.629268752375799,87.41257240144915,3
36.863235383681406,31.862203852463036,49.26905505458436,4.835456467199247,75.05328728876353,3
25.286465510950563,13.516819414972176,18.636757980290703,8.059925497751582,16.090152571000143,3
32.16224469886775,55.36798966945997,1.9520625245230416,5.502265421562617,73.70515875067917,1
33.04143921832823,44.0230775677845,69.60790991207439,0.43412532854819164,58.918439560838145,1
21.100197032342393,62.92387938017295,1.701552868030971,6.3315137559402235,17.355281117210044,1
46.99629271623043,44.012262583399504,69.97613381473596,9.51403342206657,51.247057737579084,3
40.579383170916785,68.9136125238905,42.31497072217696,6.016118201463312,53.622665841704226,2
46.00346507161824,46.39301290808642,75.1254158810317,8.191888594267901,24.91970861469482,3
44.52930256411241,47.07034786515397,63.90265886189323,8.842064633484078,95.11283323002542,3
34.73069930076581,70.74902019937588,79.834728842667,2.2807977194893247,86.49778343325957,1
45.42184975576286,35.26121496592978,28.056945236136812,2.1204483990822665,70.21201035961974,2
17.920252567713344,15.051142133798056,61.37506311449015,6.1098098885099175,51.606600490054646,3
21.467434459831793,7.158700723500423,32.15447308873937,4.110284698067047,47.05889874260576,2
16.492500534047757,61.63529417552142,38.39004962431271,8.398613028667203,68.58761204358588,1
25.735900915187724,51.52321635150985,50.20043705746961,9.000231233980111,59.088868246621495,2
27.826350559752907,57.80598260744177,69.8941691349071,3.534213793027181,15.604579529369705,1
23.954518048538567,20.972312113168307,78.72667753594361,2.3687055897448204,56.12523838932985,2
42.34833780201367,15.227860669007732,61.46187310916146,7.805255152438618,82.57632555095556,3
26.772859780888446,6.0908499250911445,33.4213425733867,2.748060355481361,51.33158898372623,2
24.270838819683565,31.294066910494774,33.70856018216561,8.226143185136785,14.676091979884157,2
32.9089707442222,49.24382651409748,59.00658412711132,4.237382536487628,80.76503794456298,2
19.650499424167165,34.41830338247992,19.102171661464187,6.675498992914704,28.122740392237695,2
41.47250036488331,37.81061915177968,8.837929050511573,0.9553531383466818,33.275875139923485,1
17.460171241432437,72.81190208703113,28.36977261126212,6.23859324676573,24.823571808906628,0
47.56726890781707,31.119160026747526,22.97911933232654,4.517676787372292,39.71935583843478,3
40.48407738678969,43.54921168698581,23.704649636479207,5.866084631754741,78.10763551197715,3
21.55761749062769,63.77397595558573,18.688620083992795,1.6801420774486342,56.744727355354364,0
15.18222986507888,34.74070867409526,3.3674551709089506,7.368737449441821,28.43931467356413,1
41.91022713900953,51.65650251709051,1.4299147786731048,8.627970775432285,89.00470703368367,3
38.326292346971364,69.67727815600588,79.01779117888252,2.1673980009077565,89.16236694563763,1
39.05723654535258,76.21404677432317,34.22185069886899,0.9571455552016173,88.35205825414062,0
40.45192144063621,16.030511069677843,30.746131772774532,0.23638586046336396,31.491659024338535,2
17.443473507224983,74.49407188711209,54.37178261544559,6.4197150044326605,50.61154097628893,1
26.829369041960994,41.90872198096537,17.460311029205133,6.070940360887808,98.64906905267875,2
18.823678964329282,24.368329122421876,75.99689471601803,5.4669741271407,79.48112286789913,2
43.48241305389459,39.4351817178696,62.907601153244165,2.3194709611597544,12.445067910300384,2
35.56883818530941,78.50244314641078,7.152880184980761,3.9090599590551465,15.868413213444285,0
25.919634820137425,41.94635704946522,33.40646206279427,5.944763351861731,51.75382391310995,2
17.09742555943878,29.656370771563115,70.32946460497317,4.967668588591694,91.82981852754041,2
25.262416616616854,52.50506407375443,75.57856178331282,9.877855202148872,58.48316181574428,3
25.73104962688265,23.01092140836448,37.39212089998958,1.3643975255673313,54.80312572308612,1
39.07700388515612,10.689749608149793,49.07291113685662,6.951445540475937,19.492632996096752,3
36.03939655472203,14.665979143298692,13.362715687366018,4.043187681042921,69.11020942518647,3
44.27802050501877,14.603437921832933,79.29349009095813,4.281996149256147,83.9892844540203,3
30.583092530344327,16.392702013422074,18.53373611067547,7.175977656581763,44.23780067568061,3
18.946610115963956,15.41203794870576,75.41854193081005,6.924361513243697,79.80506658327947,3
38.53707797835884,53.06560586024109,51.97173191938948,9.912559937021882,96.80289885107304,3
40.105906604357614,18.641006329935863,48.61894359030873,1.2839428945412523,28.338981321492017,2
33.52214751979338,30.92504624928974,41.015080881320685,1.0410964938416634,57.09966680752672,1
40.44191693850051,72.25913074295089,18.453584937420693,7.243388171287411,35.8424162276118,2
31.295254680024893,40.54712301971543,14.122242560440661,5.783869170064091,81.35689771304554,2
32.25018336960581,55.06683038907704,17.63889672561403,2.7416066655980584,61.98340292930418,1
29.108853605832138,17.923990340122238,14.915060971540361,0.794193689889866,67.11241757952735,1
15.838831182555142,19.421676410650306,62.36675788534026,0.8565824959643054,81.81227436543047,1
18.560417090779048,8.065146219985914,28.010020733338408,8.941908746641182,45.63734253962094,3
16.03716312766223,17.67012973041234,4.627414125071709,1.918673247187429,92.3581061566339,1
36.00154357170476,25.894275427396895,77.52821041126491,3.2337156211552074,57.9725980521526,3
25.373747375518782,18.275786320756012,70.70287079707406,2.26656402226988,24.21593405518132,2
31.78283280843519,11.652690031779171,74.22018265561704,3.5499630583193733,72.63092063519221,3
44.94969363956107,14.047690332545061,79.59262581171483,0.6942384274609337,81.3935215394429,3
23.226643561912873,39.55840760245443,13.911619937558983,5.190597909082704,38.5085509360774,1
28.542636460175782,20.475028880434436,31.6993615122127,0.676125635922149,87.14613312988777,2
39.933187571920605,32.32023957860566,60.6590780563273,8.003565078223616,91.55289292891898,3
22.55033946122354,42.75629531411427,55.681649444303375,2.3371208191043302,34.921403864002805,1
17.54033702435017,56.7796121472024,12.311672507188405,5.400119146045106,98.51693254436998,1
24.561797946154343,7.94841048808242,65.26664999924942,8.800790875614583,22.664037524388256,3
20.320302479382146,64.9557799181782,17.955245746932853,6.5087736904719415,28.181410156224096,1
45.680022527304914,52.09252921181808,17.905409185809845,5.329577865513353,26.580235531422353,2
41.66797252562576,11.131927396165393,42.957953831473084,3.243337531153756,90.45907390070833,3
35.90232396484397,70.51839680800829,47.43519478733625,3.330019130581979,68.88632970924657,1
43.75819947619468,74.065430039886,46.40689662702489,6.694869551981901,23.68938549000456,2
41.52117853767078,9.580846989114782,7.31894699182039,9.941393612211675,49.62910765315141,3
21.156811943239184,25.76582361104028,70.19686901043043,6.618391898493786,65.37682225628218,3
44.45444695016927,65.4650959844796,21.248003407096483,5.577834173700249,17.511767649044497,2
32.798293983216475,61.11947677877438,10.361193702624334,7.306505102392461,89.41747315666049,2
41.645525120414064,18.8390764517283,71.09984638951818,4.652056122837181,82.32431818973816,3
44.57101289747528,20.701199250253275,76.45211985838027,0.6014234260078521,55.46860962189744,3
25.494114674071508,32.78540770935365,68.97020938123605,5.6229681587790985,97.04139537332534,3
18.631713509413334,41.3392238893266,64.76128597799024,9.576252845053801,47.59848813475897,3
22.521860363884073,51.3691078647722,52.41935845112174,1.7530294235765964,98.56992871328481,1
29.094557024666457,32.668522967732926,44.06858964873115,6.900048908206657,70.11279989232644,3
41.99448727544227,39.69010370998609,6.958940792912811,2.0093368865905648,67.12041459285473,2
43.40410924745933,61.06032036003174,32.676257045655895,5.3582768447308124,24.935940576620652,2
15.229420307529294,7.751240216794843,29.81508136098512,0.9667644964671962,89.37349824741796,1
31.85466098505967,23.932770825801555,20.7803027008261,4.503709362581851,48.474071912855365,2
28.774563103909706,58.501218941341435,57.87360909508679,7.561633288952461,24.60100652042314,2
22.329557745534096,72.14051282653995,39.67005880630167,3.4757152423898208,11.134676797818313,0
18.955557122011534,43.37580815867496,6.483697272611835,6.64911724487218,60.37801152745443,1
26.14130065631972,44.908511394898674,17.614656155984907,7.954499607897292,57.46596599104087,2
46.11602022911313,13.037900850483204,54.660701092767674,9.271778194794527,74.74182601322427,3
25.665696756684923,38.5559275117591,6.090468759224015,2.3464208185545354,90.1232247716022,1
32.12009051753108,44.94629498412674,68.0965531239015,3.993159158093081,17.146592617872656,2
38.19962564354087,23.185287772604724,39.611722161117946,1.5241601333041743,75.83468413063261,2
26.999776878516702,25.193242321203574,38.44692618613184,9.924835021583752,26.8670749687824,3
47.068808729791705,33.2963122328467,47.392622772761406,9.270009679242953,87.23593478414476,3
46.76076073308967,6.505339833329478,65.97447727401193,5.399571302805596,83.71571624754905,3
23.308815762237018,29.15593741873837,27.824736632175444,8.420332943764212,58.671437948698994,3
31.40920069444872,20.85860052474085,54.241292204725085,5.209579772720422,73.92185187609803,3
24.9289842239534,29.562301413343597,45.25855711966329,6.2358568800275975,38.29151018653735,2
24.399736314456433,13.982159886443842,21.362261613553706,0.8912443211601662,52.405110903953315,1
16.21726926269958,71.78954605549212,70.29039890841264,7.552704204968079,83.94732079394245,1
35.115623021336596,49.519434016553646,63.79408172855425,1.2771348363523483,51.33386774558925,1
31.58840776655243,55.93267393583672,52.67614677267404,8.260676302525283,42.20184387928976,2
16.698798791249647,64.18784289555038,68.04653832753935,7.820280876703859,54.47912025252699,1
24.195333319808178,42.383164919679295,69.3835360767842,7.087446977429765,84.54243271934965,3
44.97277423689957,11.519021606556777,56.66903813720278,0.36160380524762115,40.16872426337855,2
22.90554239201009,45.282990636391084,66.96106626909376,3.031283559453286,25.63854338221694,1
19.78153077901036,49.01308385156594,55.79771693354269,2.631125699108429,74.08126182977027,1
31.15194108915958,60.90796056382475,54.41126174082403,3.6013640747151907,84.33803914372736,1
47.526464985649824,37.37446596722595,49.48891025721474,0.8764274676383854,19.057373067118,2
22.987823959879513,14.568522709667281,60.217331164611295,9.369578230310628,31.588670148035025,3
37.18047306439399,26.283192934904335,12.688408423445896,5.538022407123763,22.77747907848945,2
40.13344730584768,32.23117222989763,70.46966073591427,3.0552431065802352,41.31472704239499,2
22.84203895174919,53.44379309987009,69.74748221961856,3.969815170742834,50.53158810148714,1
39.031139504191366,47.80837285016839,2.3397826427647317,4.472025405048356,77.39437032669758,2
27.136843379735357,31.707254442338467,66.06534004518102,6.005943333606173,68.60328263935068,3
35.86609240958812,78.98864365947348,10.309589397875616,5.156794276964978,65.8835710730588,1
35.906480455109524,50.433111451766536,26.80950834073135,9.193919732144174,41.71374519486889,3
32.68056457446703,22.792009380199588,59.48066050332862,4.969634829058302,85.7302797776284,3
17.979562411795474,12.633685446530281,12.860791683864656,9.921580148233126,52.41584506583481,3
42.56498235444485,16.4644354388249,65.43736192952497,8.514249577450958,98.11944442136391,3
25.585742144067282,23.44682962883811,66.57073423661936,2.085105143573358,67.07279244661632,2
21.15511084319519,17.051102994466675,40.597418700866896,9.305952146439163,21.363826740805244,3
16.34557967130721,18.99252680384793,0.5108697373466864,1.163663978854761,70.85598058678906,1
34.49946712521198,26.382137652038534,22.963050653993022,8.174497084911916,39.25936138885291,3
37.359623940795316,18.003019647106612,49.35415347005937,3.806232934765801,71.76944770174876,3
15.547398354619252,72.2574068469819,78.49489424219388,8.779743204450694,16.267703334616517,1
31.899070923876273,11.017530924623166,50.54508216133347,8.680566901074503,25.739329345836346,3
22.474360581531954,44.3383542177691,20.78428648513278,8.059254001176212,87.01635330152077,2
36.290702083511846,35.77976202422461,50.72045624796891,7.900304363070614,30.44616013211634,3
20.754092157164717,78.67839626814548,43.198830377268436,3.046791390980408,85.3337012718646,0
37.80094535738138,13.402917662603926,62.38763161209149,0.8091928305125218,35.134847960896934,2
27.762266427917734,34.83916992843062,8.558451106156673,4.029801787651614,67.8593719052837,2
45.91208962831224,77.71028249565266,60.88223220016224,1.7352451498650867,72.47355161588479,1
19.538191156817778,69.91303444204851,43.301326294088824,6.9495108890246176,56.13892778305476,1
26.25518958465853,66.28040532119599,77.03936030871957,3.4609972653778556,37.47796090270582,1
18.74462620093944,24.34271202837049,27.349773283094887,9.756102008599148,29.13799387339865,3
45.51488940319257,17.816569054254934,50.60975145071585,6.40972077345332,12.987041910618359,3
43.952198661572375,55.148241494332325,74.5622484408014,8.224805636343609,37.355176111665145,3
23.512073714600135,74.70319918456893,8.20077823925434,1.3252467274184843,68.78465114781548,0
36.779473519127905,46.75721697604473,74.9782789789161,8.620144822726225,94.44743366036344,3
41.96833260664012,47.87095171024249,55.03085778406507,9.227571905133944,88.40840340367468,3
33.32162678278226,25.998432024521314,5.426964728413752,4.870619188189359,78.94582988817723,2
32.478469085748216,62.711969989395264,24.0770853557453,6.062529377509774,80.96026089279688,2
22.981125599714908,19.028281141814254,56.65376709162253,7.648098009029955,69.84864131283958,3
18.072391337594674,29.275942730318274,5.388048117501736,1.7483862726041255,33.42581718094027,0
44.60812001245978,36.90773289623126,46.57363681410186,5.0256607646344245,91.64755276352469,3
44.7137958863899,43.070778401334124,27.67064455623654,3.986630277723131,70.36590807152507,2
35.89234809001784,23.18072993113102,49.67324142139817,1.4637399216224911,60.439656788239596,2
26.18798310460712,13.612761855440265,3.659362705001028,3.6753442229153146,19.989052229213296,2
26.52391596221781,50.79650318312245,69.7229444921901,0.6817230938549357,50.23499894257829,1
38.9565374027179,26.647291493019182,77.87911753419175,0.25811906949486985,51.43224440817337,2
44.60463857843504,48.59286660669592,77.51022842285532,1.3516628915482276,87.8107248570403,2
44.273852000748875,16.577203645565174,59.97214653943398,9.631151115891738,59.19833981690096,3
40.73589301330159,41.08550763911131,10.406899210450558,5.49529535895017,44.23604940733687,2
36.1870443230915,44.94420744136894,60.66105567432181,9.6582216115322,97.91202956595934,3
17.776618844836612,8.886765261682019,1.9669533167041209,4.32497878330132,19.96485339936841,1
20.333747565122255,30.245320864544045,1.7698841223197803,3.1181613308525957,48.02935854807502,1
44.65228822139362,15.081100770423069,25.888817531963298,5.061418628402441,13.782220765426477,3
35.01215896876647,9.753122785457581,39.091455232373264,4.3951168863291015,76.59137086902373,3
15.303502703348778,79.24701742924589,61.63259342462346,1.0566468426174391,92.62688969792356,0
18.34856091457906,29.176538373104222,54.66363012852042,6.408263146902062,35.20335965954405,2
36.895558380565845,65.7405834390976,35.67221651013987,2.160381825095996,87.25075091192087,1
15.167032266925217,24.09804910728229,21.890133302533272,6.195879548978295,36.2996407415708,2
20.306665696777458,56.11270416679469,79.76996001261689,6.502010923981533,91.96931454795237,2
33.10821504909734,62.017089491726495,34.094504178877834,1.520248531286481,77.85657132371055,1
37.83254152385888,49.67290554558832,36.11096194637404,0.6134962711066816,82.44160991572947,1
36.514721563585816,40.36821414126188,13.089905695333535,7.807615860684399,11.620590004040904,2
22.400887212198473,35.888068561045145,63.58476389999435,4.5980042376932015,96.65293213666233,2
38.501914304468684,31.165119990724648,55.49457806251909,0.5816379550547579,75.40038928632909,2
22.8292198873944,74.71468581858694,17.66156902310083,9.948663171697671,37.427598584752,1
25.738190039255834,67.2964555840797,6.590483649267416,0.5778056099636664,84.64551983729622,0
39.6342163688948,77.37701829998845,54.439944165977046,6.950352288585532,35.3369078573437,2
36.43788566855808,14.322291761415855,52.36089714249082,9.836789252634135,88.54784556095152,3
43.02437254630787,59.815060640273316,21.860762159856748,2.391801042159256,20.132235137074332,1
36.701225445911334,75.37553426157784,76.06908498003283,1.4224936868719618,73.33173797147163,1
33.754183910070566,18.592479962424513,12.084631342472019,1.213849394224289,58.66286289804193,2
18.09126733832705,9.987220052508313,34.586784083408155,3.0327514756759557,18.688102317589674,1
27.134621500961305,60.58404869675443,75.4892736134079,1.010458110106467,31.770444543295508,0
23.751678133496938,48.085483488493395,33.57818535408978,6.9216134169413195,11.11636326495833,2
23.05165823150976,68.1371582568704,51.08207581312684,0.6229179813006269,52.189116891805526,0
47.109348306830704,15.482928246971712,31.807551837023542,5.094221281497897,37.11387346840003,3
27.972224914003093,64.64504838949176,21.937216187893604,9.966968538529768,63.852173586798294,2
44.43753632084474,20.12204900358084,78.71821183678625,8.139702695060189,36.751402693775546,3
35.82757465790968,17.27419571492784,32.74672050520344,6.152194382310109,36.99272003562862,3
41.2287730168744,17.31993484482447,71.52793629433076,3.062536207866117,76.8873878858443,3
31.58702407247134,66.09310401735365,18.396368471286895,6.238958362916385,14.33285523805181,1
34.03782819266985,54.88979155221501,17.048376322006664,5.270414639116517,91.26054956727886,2
31.25308389602251,44.22990685768395,2.490726630760909,4.260833838903714,86.70374869520633,2
21.443018597335467,31.912286309262687,52.133346030070804,1.3071037674019947,70.10242149037659,1
38.840919803629674,70.79004056098312,29.48210749790089,8.866042152404667,63.389941309664586,2
24.265487960548242,34.43338305669765,69.14865998717096,4.497846488213225,90.3072248325687,2
15.802426892237976,66.24495796036828,37.85679253532457,1.9462251182076507,26.6797161575843,0
36.30058576493654,37.935118142766385,77.45547423317774,3.677593508772896,17.107224597174575,2
20.844652420432617,33.270832206868064,14.842041256249692,4.1412975252892705,31.55591529185843,1
46.035133283646175,39.700983925220484,69.48985343644887,8.275378955668742,81.51204508301713,3
46.47964304108538,27.603340562310656,62.12774822333934,7.336143805614021,13.120324005383498,3
45.1905248772748,61.07070351321883,61.67374757152416,7.693048936413398,62.45261515751407,3
27.215237108429665,42.70402925693594,67.58265824935101,0.11031264428647214,99.5893764572179,1
15.510068345452625,22.4159521360113,60.88191927543991,4.161539981797615,87.01264844537855,2
45.63451256539494,72.46809299559264,50.09762573051323,4.813441516353237,56.93011201392305,2
29.130076894471372,33.79184160299086,10.499590214591006,0.19192276823056686,15.72768183579781,0
46.89960902844109,45.766464583549144,2.6020943593001533,2.598132087450342,84.82361629471389,2
46.79945924394534,72.98540832234102,73.66782782525495,7.60289823122135,63.90806573594895,3
43.149312030422884,51.817849693549405,49.33202516165905,1.3710970572899905,20.343969735361014,1
24.716813438296327,13.767353053127305,63.722983278094105,5.353101314525917,18.44715563410206,3
27.708225043863536,75.48740927101063,38.52178812100401,2.152018720172375,91.86641374929332,0
43.08751016005628,52.07810398035634,9.384655116991558,0.12120774643893273,70.22802366442706,1
25.45842617015716,30.11792109928146,10.014863376204035,2.412014575995415,84.635811938508,1
20.593260640641052,15.445405449754045,54.84522297831771,9.758737549100537,89.10810102540405,3
33.37444166112556,64.5518891952722,34.424471591957015,8.015371118829895,61.459511684348996,2
45.893107547305775,51.50545669463851,16.041978136026938,9.595766443210334,56.570171657953715,3
37.96898329027411,45.00958189822411,39.327563739314954,4.878540439263625,48.73846692888912,2
33.812018612949046,72.04194372882182,5.136714966010727,1.097361986775035,38.52519290120074,0
18.20682429443536,64.14479084183981,46.557712153151904,5.47959488973693,49.11363647728406,1
35.2952384810726,16.375615979956336,21.519472354807814,4.543773345599609,79.64916901571408,3
47.671777053440685,28.379155084666117,63.80472805097505,8.44357082739616,64.17310879136184,3
19.622772502805294,23.636685486084932,24.8289567138859,0.9808258078424459,90.32709609593614,1
32.10487852800331,60.79597194295077,36.4176119265441,4.882411370217782,49.90420129412689,1
43.953311373622526,7.5149326051834535,0.9296431926480508,1.5004866469398426,64.63806208468786,2
39.44536438588875,47.74172636534874,5.79575102356471,3.2467592689005995,66.81767977827899,1
38.001519452843844,62.18440143055179,31.399484512534784,7.373570773877996,63.2527446075693,2
38.1819747715746,70.75742275713121,38.39510677736988,4.7601812936876655,73.23703957769646,1
26.863207990251922,30.65613115369306,48.001643849544294,3.7588828514576935,31.369012153732566,2
24.68853086072828,66.59429785040096,23.33300629674426,3.944762785700353,56.11273997912116,0
41.70891813079095,13.297380271640542,55.598550890123406,4.594467684059866,19.38023225275129,3
41.73374202441296,68.48392188008887,68.80979177513636,7.850165438370569,44.60601948803313,3
43.613386513143425,14.561649674898682,62.38807911146799,8.920846889402345,53.8900361759138,3
45.136938234363555,34.79654679202754,3.1695060278685716,9.553346865039282,68.70018335909252,3
31.874299162410946,64.79715243346652,38.44055578062631,7.869033862552951,95.54779473275832,2
31.550037724677587,16.243807051158033,8.39441427345399,3.1540689574801273,64.05859598935203,2
41.34374090590358,22.193854642448112,19.363601269002196,6.881347060865421,76.92345245589038,3
36.44880971566625,59.16894262947997,78.93300746137172,4.376031240553919,55.56394535456825,2
38.164906949504214,59.002740240955575,11.399643432121058,2.5467062204605115,67.06936282386982,1
41.26115809139134,53.0860724663973,39.911052276108485,8.408715794259226,16.383899452039607,3
44.37017627997969,57.0461333350325,49.452458745449526,0.38426348962324997,32.89524227576623,1
26.15384017610068,45.70433325106971,56.19719764352831,9.017619921354235,42.56677838846248,3
27.39423743711815,23.884929418021457,44.77189467895313,4.614774646247342,52.524401950586224,2
18.101404014748677,30.92719951279396,0.7816677935346927,6.3720147680828045,14.108387095214535,1
34.083244652873745,18.619828760106927,26.11690465951935,6.593539222057827,22.60216877979859,3
16.18609503529249,73.13379210002212,41.416931470776916,8.951177407065364,34.91328770121752,1
30.364734598371186,48.75438460745904,7.029319931586668,6.366696821672074,97.43794218109456,2
32.90727294535003,35.06385625727299,28.05015449673446,6.139335847600618,39.82123063927457,2
24.455861320233385,39.65043527330995,2.656248703309325,0.6665204056068996,53.383695230087426,0
34.49749759877736,76.04625047088615,6.2862797724016595,5.18408021945204,27.648794146455366,1
16.00650824798863,16.501355233706015,31.753862096127683,1.5016900081704165,64.97020639681915,1
16.232490228724075,48.967237401259794,10.617260323444828,7.374337687214856,35.26148939643769,1
42.14581850176872,42.94165091633495,45.40326786092465,5.122219208126745,28.62933205945841,2
26.886291166571674,50.85906765759859,55.15719753098126,6.802277792083533,56.491536560138115,2
19.192996917512197,6.358263786563038,64.04693592872663,0.41672900602384266,10.495521924437874,1
32.23402758180855,70.40929317081137,16.012019539584806,0.8479201604580322,10.68976293843028,0
40.40978725225416,74.90887118627093,13.39860658072558,7.163233880626823,29.7161928191672,2
22.122093907395826,47.38498876919067,8.36542722675202,0.7208433599867337,13.304922625073903,0
35.55538570202701,57.24881179076692,50.914419963490936,0.712567277652586,19.722317871762222,1
17.816466344794343,74.18745358829717,56.51805811895209,0.1210847523488745,40.49745844048765,0
16.705496798564056,58.042897573504895,2.526891586051363,9.5650139829948,82.23271116218315,2
32.53470284174888,16.4404282185696,74.89697969949519,7.37508359459007,61.484377903237075,3
32.840959013133514,48.221627012510986,4.157702692117793,3.5325140850206416,56.14009533607748,1
36.03518674944081,50.50362847871419,43.30370682408564,2.9653558128765525,36.413994088730945,1
38.961014012847826,36.80980034767895,56.724841556073315,3.4970322974584955,93.85783474895348,3
47.203118622263645,60.23331767185421,69.67752989968685,7.746535311811819,45.73135371134725,3
32.03791149393945,75.0775261076761,57.12695457059422,6.613706110704144,17.838349011619435,1
25.657563607061117,74.41763846800822,64.13824664558335,1.8519556786746794,65.53598645060211,0
41.24114442736722,38.81295285530991,27.156015403424483,1.7410933533408435,20.245455412894128,1
23.93746429164845,13.492853438056644,65.18600909972098,0.9839564971339732,41.07008285215229,2
29.48605688328599,78.86308992217509,6.409187710774011,6.603027197013382,55.6670744846028,1
17.589060584294778,67.91735648344506,71.58533248484221,7.643726622217359,88.68002722166582,2
15.836574532710097,14.349701090245013,43.8073900922989,2.6504642832500402,54.41919223061068,1
46.76739768437153,74.06314119630292,65.3838215969995,0.20944961030912812,73.20328894284978,1
42.587343976902794,70.24222715465962,36.18546276146401,0.8217166747642735,99.35351550991633,1
37.96714880109204,43.912854284455406,51.486215615721996,9.678600348450304,21.834020790818347,3
28.495447165670907,49.34565768086969,42.11221287488905,2.9544477747742026,34.72583729675676,1
20.71871256233791,34.925202790259775,58.52716174042655,7.692231478381336,45.511846803788174,2
20.16242240814584,9.10712291165235,6.530398562447166,6.2466356885426375,47.96453606849482,2
23.258015639431648,30.13979312344257,4.828166719245104,3.8193963965289592,46.99189677389912,1
33.12447993530198,65.21400864485085,19.768258720811716,2.0568726219555513,91.68499023008994,1
38.58166544910206,5.347401725345215,12.763574409055067,1.2138641815940643,74.26293800201708,2
36.78651343168514,30.012437876835815,69.74268532737614,6.150129680388666,64.71146926816334,3
24.237818599216112,34.86265201932075,17.537118988643545,7.74633780637788,37.84354460765039,2
46.5105542618854,45.304670220344214,78.0692204655305,6.439042535411307,84.14113457991652,3
39.35059825096036,73.98917123095704,26.951663341688548,5.303021332491583,95.95544603364901,2
33.29368373287622,30.975949577447093,14.569433255095943,0.41951223431636264,83.90784542952039,1
35.18678462573362,31.021490142217075,63.17588057139833,9.684887775943839,10.140859467232561,3
28.846802060117067,60.312593608231126,52.69662204007009,7.987141916545745,67.27612331650664,2
23.175122653538196,38.91634556673554,39.85565731625112,2.928220367009647,14.602184329789065,1
26.747098395491633,21.845361720498648,44.4290840750105,9.799703293588507,33.18464983003497,3
40.00892164532418,38.932963709952006,57.53614226178111,6.018815896363221,15.357223031299451,3
15.474985124781943,15.564276528484989,18.276379306503898,5.824226582072464,64.34159076544489,2
18.830397136728237,18.229023987966748,79.70671328453935,7.4807317942953215,71.79309221433462,3
16.518087186717842,42.37758295546098,77.98345297174265,8.117697880901375,20.30388742593146,2
16.344050476526014,36.41940871284109,52.026054907754954,6.564786073315027,44.54549947404816,2
43.23019927236324,73.6134425801075,15.96339607433161,1.2809574636620003,51.06128580599878,0
38.22070935954078,32.179542433747486,54.41825939450331,3.382675059944984,43.214771958482494,2
30.647736359881733,48.54412627085326,5.7758727183340675,9.280836403260498,20.892250043667374,2
18.228527301483048,52.41982159396478,2.452200176464485,2.2461561184385195,47.70530111687279,0
31.223323878855467,5.982084244125023,20.614631080897095,3.7216702383751334,77.60602430275763,3
30.62456843575867,54.76530290125329,37.009836539145304,4.32076882944196,16.39068980799299,1
20.7156617070305,18.352697515231355,69.46180043267044,4.394049896944522,17.21620126737131,2
29.31710442485311,77.08027381020914,58.173525581304645,6.129395824945255,41.92941626523858,1
28.150656235113324,16.14970458148347,59.41652169599848,9.430758377447075,94.75531404570326,3
35.323053235723144,36.09680927952678,34.03946675584603,2.40692711832505,70.17153820506226,2
35.95809047863224,11.40122510589829,27.674799403757035,1.2150137630091806,71.08029610053083,2
16.49503232247747,79.76556888844605,29.683101038768214,1.9747048985993731,42.572799175407845,0
27.36221628267355,42.664625774843195,79.01196509888463,8.869249002092696,63.42947120876846,3
35.6533772185698,49.65387629900329,3.2087353129985985,6.458108126552061,10.911806562496905,2
31.603496533142895,10.03073580413206,69.36251968979589,2.859067892391601,67.24864417685879,3
43.26416475921464,61.24703527993834,46.29403268579147,8.159469389686173,92.1958252818613,3
36.73688984342519,20.742919482168933,35.08923353516724,8.61369996363436,65.13161215103372,3
20.37683609368718,72.35407170805352,58.02061283321092,8.465143386902781,88.63287341197105,2
17.328768664214184,20.385473036150536,38.93351531397623,9.189265336395545,75.15757499194844,3
36.19983618080842,19.301579049774993,69.87385904653284,2.522410201733616,20.850257476332125,2
15.87487324787352,7.741225088607116,72.05614912090068,7.550419287462783,91.22079765572576,3
34.330594182024285,40.40502088324995,33.73767414987643,4.6053949727414,15.97994599201974,2
46.027597967023596,47.36308499469623,22.146223778804128,8.419985528900614,58.05707252929874,3
33.99064786990401,9.928147957126427,47.388026287468975,7.284906771616132,22.79234114141119,3
27.809607564815224,63.164571252125796,72.98906764933528,7.764474464997246,11.053594965781366,2
36.22851120859765,38.99666260610207,16.852975120453326,6.561618376810715,47.98308341148751,2
30.122345386220047,44.329270199568505,49.83732668507862,1.7742876946970687,36.55366368887406,1
33.005354047425854,38.05720602036711,50.524817607401644,5.450269188969383,53.74004444178427,2
46.068338689625335,35.05722956564945,58.64904179322248,9.846697395245082,61.947989806109575,3
27.74138704742555,46.97302484811634,10.525414810180784,9.373880664971189,13.936516507805262,2
46.71928860618917,16.643018444803438,57.26599717456708,0.4317373579701167,21.070296561137106,2
44.8765711845501,18.644609787145335,72.72260165325127,1.6481481572943713,60.27781568053828,3
21.461107448046782,69.63392157601379,14.374648709619358,1.317287734545619,40.885061785539236,0
17.28892292888046,75.95865966002245,19.00346599391021,7.259799099852955,75.62561387945031,1
18.32567404545508,32.99819872098147,77.71160752333117,8.17785329856945,68.70624837327458,3
15.60132024650114,25.305850485766534,14.478156216759182,2.1351136631067194,86.10439266909161,1
18.116617704945636,53.29996574292618,68.35080746956633,5.05852692951829,72.32435440023028,1
37.539223522739775,35.65506283235723,39.38222851584278,8.407030280112,48.69379696511333,3
17.349225399187556,6.903976674525865,19.778485952254165,7.328015447662506,70.56699601549892,3
25.526195799694122,16.71144480246428,69.65999210180091,5.422372054918483,34.784305682987664,3
42.880885261992,58.69791716355481,35.62442040021324,5.903476904587729,37.568214890039144,2
15.767973879282254,54.41929564326135,41.18538831437522,5.0836054691628,81.0086643928714,1
41.87745992543488,7.032199437761262,28.738669551981253,2.9754845131882055,50.1777564761424,3
24.301207567522198,21.647912144971208,47.436068114794196,5.650219928590161,81.85423064665173,3
18.899439311514655,22.330609744105356,13.081909806801821,6.888853020500907,84.01801363014506,2
37.99232645701697,55.391955769904634,31.286522932140855,8.733229158608077,87.18061038951554,3
35.75511394373618,6.478290331577312,77.552985786823,6.362913539792481,92.49717122570866,3
43.956576446392745,12.80814364884304,20.650674616090203,7.61121537043158,48.78866984619666,3
39.25734444552823,64.9937064029892,52.538933163303376,1.60071634954573,38.698013648902496,1
41.5148707027,18.39084965407502,26.01520513797559,4.6155747441978985,62.39788719347025,3
24.307140894853113,53.955958088890604,61.877850054928054,0.09331619827093296,43.405518109386485,0
20.855504944730853,22.86370857850449,10.469892857467986,2.46678864521623,64.09667501202097,1
39.77028680414833,12.458104456950887,77.58568360628358,7.264617151130048,73.50272763794422,3
41.62554639581971,23.237914324959057,36.30316331069114,9.918099513493635,71.95645166429232,3
47.68666968602222,59.170019889174434,18.884037067717117,0.9917809958721591,43.70975983181092,1
28.616383338077075,69.17723510797143,5.879739786401013,4.0149431586128825,25.017418152887753,0
27.276596831161847,67.26648984252438,13.58063240700326,8.000709686991595,48.74764046159868,1
40.621627704485896,34.78876472138411,41.58191588448141,2.0403563462889887,22.833472967371787,2
26.24651682834959,55.10638524279846,26.960254114502902,5.550849493022863,90.10873316654275,2
45.71499174491764,20.373822156186574,66.31066927060876,7.330712960296748,41.128971466407165,3
43.32762081081939,26.986079769575994,34.47100189294447,6.159854502601791,23.90137725009914,3
29.156802903375606,72.22518638908399,19.897141807010392,1.8802473461541613,12.29029839151758,0
39.77874523711941,5.975144263305203,49.371598928322406,3.553845686857394,68.12401476578358,3
39.899914844794516,11.413139814085106,56.542177350835665,7.837917844853973,67.3212085709269,3
18.403087671585777,20.59146913595205,13.363352632075989,5.542265141320167,40.65437499231625,2
44.784245920425704,6.989915290536478,13.409537303065413,0.052296135429127366,16.45406999628859,2
31.673328290779285,18.6076576317348,2.9337141546834378,7.6099076002809385,46.86660054057088,3
42.273096381555476,48.72811707272691,58.91216120525124,0.3531135494023907,38.00957455570543,1
25.561636834010187,36.606841294437345,53.10436220974441,7.457337827312322,70.94085757615085,3
44.55226654037462,71.95037833077312,37.97047005998511,2.024805601652374,64.52013245074212,1
27.843655398227384,66.30826713038306,67.53363591753578,9.580734801193802,42.8134355377786,2
15.357642498849845,30.636301377340697,64.45361223600426,3.679407513020845,29.61032988294911,1
44.8776052218357,24.456757507346936,46.82834915174017,3.269316163380791,98.92323695400327,3
18.012460333942407,33.47693061254502,69.4617024410607,1.4888805033244468,50.860145907650335,1
25.53735004048369,49.27212068861058,16.467296802941462,3.0560421549021486,71.94468122022133,1
46.35204491267656,25.10477306171572,8.95356955181823,8.766507618282006,22.64976708205247,3
46.37003584893935,51.81116808868505,21.579968921359168,9.963343376272473,53.703072969345804,3
33.92345030806844,35.70587391434303,4.566948487145188,3.683095305068483,12.478304788251894,1
35.850628001603376,46.403538563898515,42.49356224008256,4.486106309545425,55.490960611940494,2
29.79870222528455,37.70948968514875,74.92845538359691,7.220709382027371,96.76156664059322,3
24.67595546603613,27.084931965643825,3.1474832534807717,8.861957804650745,44.57860416872202,3
25.84592999720723,76.13399802216175,9.768793120802144,5.930443341867841,13.509641131742043,0
37.19310905054227,62.270434561982064,36.175922262674824,3.9152569817782936,12.786021182740917,1
39.82835947144344,15.50848818248394,74.7100014022324,4.126218408486237,44.91880839521826,3
41.12210844295301,70.13509819234346,25.29248839814004,6.956181464968068,24.402244281687466,2
41.05739871222028,41.55733986871353,40.57878469507139,0.032182636042786816,12.101688669536731,1
18.009801400606783,72.09141701705686,3.3258287240313678,6.195893374598407,78.05922525551591,0
31.31587005518519,64.98914419604864,11.867456076967109,3.554930104413574,51.26707079937016,1
16.89943908054926,36.89101283519251,78.93040983670775,7.941973312770843,36.032029477538906,2
33.134453116683275,6.685198124008805,77.20949571488364,0.9299063982313216,91.00748647148326,3
29.570506545321443,25.150801953870957,0.39519847475276926,5.882022669483905,20.452506418047307,2
44.294238031023895,45.62256609956502,76.14494283385912,4.809728898861238,96.03269460597873,3
26.580195414218597,52.51086648696104,51.12959502524003,6.423255259052274,38.25700456396176,2
18.863211542110992,24.341576407490173,69.43346356160177,0.6485359448296835,89.95633050778132,1
19.718725507743585,15.45170555546181,36.379188450708725,5.799837874281312,64.26485888315153,2
40.12985084667658,67.61976775994744,41.24768228634002,5.614845879595237,84.40366237673388,2
35.40119608943661,78.83016355276641,39.10772642055362,5.606600944161709,98.56118468894178,1
18.33704831205208,44.42676367270144,53.34914060368835,6.034876665964548,35.956489403687115,1
17.775524601794913,17.875946438622762,11.172100380505032,6.764679372263622,96.50219368668337,2
38.131981338150965,25.42304948895267,2.397887189814236,8.049889996807698,45.05337054121783,3
17.401179210018388,6.379300741060005,24.634395327295273,2.6982072012821434,44.69607142632301,2
42.12138195658176,73.57241049203742,56.37446101893174,8.250494101800621,40.63483938290551,2
38.305993496164376,13.831331216760585,16.148276169835867,4.982556822634536,58.72668466128267,3
17.684509761182692,48.23873566356902,53.874594665993385,0.7705827913433116,23.873053886063836,0
17.799644564811334,25.55414155154045,77.59296368858163,0.585509292439792,59.834033682221005,1
47.55910609053879,46.5633501886845,7.512057263153471,3.3423831869606078,58.75343311690036,2
27.350936259951972,53.856529126389816,53.8081694580101,7.8489697711146755,78.5711631344383,2
27.2311908532074,67.23063527804013,35.50001754436569,7.076809347409157,85.0284965743827,2
41.82238571949759,20.481595382045242,69.45138035020042,7.886149646724064,49.639721528118166,3
46.259203053667335,5.824687149386036,14.171983155790873,5.172690564416094,37.20999244163444,3
47.53803510615474,15.266422255160546,55.41007617809316,4.401989979554905,33.3401407585385,3
39.86148011354507,72.50139813860788,67.04922317184882,1.4745252670628395,27.516145303438474,1
27.416566322520218,70.54175581718864,75.56913755792186,3.2819275360931153,15.18828239791224,1
17.75552365105607,49.805982662773125,54.65984226317167,4.340193661738753,40.8203180951242,1
40.64584822560541,50.038764532524006,39.773981120674186,0.8860042967961723,34.322292291770495,1
33.42734024128157,54.877750590969164,49.42777921609711,2.2061195271121123,96.97756472797666,1
28.99932630515022,18.15284589675872,69.51239875829745,5.982252940637388,60.19379436250395,3
44.90969470812629,73.58089594437199,45.64877973110637,7.356631142391898,41.25493351274568,2
18.669516916102992,36.40778936690548,2.430964775746949,9.983475113929497,62.24208408943264,2
31.25662844159835,33.735389618712304,74.47589564055822,9.331133313435577,22.527703121112594,3
15.37467027732483,43.91882789621282,55.16214008252489,6.425651995351915,49.963937428198264,2
30.465801185806168,8.52244750812913,54.12107086217972,4.21248053294072,66.36108892789574,3
16.858008097500633,17.471252656705957,17.254012191817374,6.361773647082327,54.000804861320624,2
18.920991236846373,60.35252123197778,52.71083761861257,7.85651618080232,46.160092058889184,2
18.87836614364446,11.209900094384485,31.50915245233268,1.1833619092338732,99.44635500097283,2
36.4239399698301,50.23640820997912,52.098638163319364,4.099048896962882,89.22832859340343,2
39.619481015758964,23.40118322609907,8.527442424639258,8.398022856356173,66.10653623434962,3
34.25116924820627,34.19717105314824,52.627624368242884,3.83832951933044,61.24396250640545,2
46.751694099659886,26.65203025780249,79.95309806165332,5.718722712271865,65.85944318421257,3
27.370729124282235,31.675453734871184,3.8569631088444822,5.877693608621982,28.118089704018992,2
24.428498847301405,58.92844288881841,78.17393473770538,1.8447625313363936,45.56239689378867,1
43.66377123025219,27.284128671738127,32.55263685782965,3.622354416522884,13.551357960180939,2
22.37866267114194,47.480348022267286,69.66027602698074,3.3451128874193214,52.7991433738144,1
46.78634380154017,40.703780164932475,62.59083872466188,0.26196708532064794,58.87221255618969,2
15.40109766476394,54.77533740219861,45.36130087893342,0.24191763891355245,30.497476249288862,0
47.00600128135209,75.26223044935685,59.07593674010612,8.316970436757735,96.76259624489623,3
16.42427709436901,59.94290729076877,70.28124490410784,2.7307080997281243,91.85091498435177,1
44.40772275203635,21.120528394306756,32.331225732082636,5.180787662388155,74.99289119103153,3
32.41413659984789,7.33873512959635,26.162652925059096,2.9872557358877305,58.004796588882634,2
47.76783827193691,24.66980332248688,53.40747084508678,9.406792451153406,88.29722436829165,3
17.435286636268163,49.630844802519114,64.62767535530068,2.5929675886577375,21.758710944111662,0
33.27719138524358,8.856936011318776,60.98281078212926,4.296568127389351,81.14588148473965,3
46.98698367543027,42.22746854009272,63.82509190869076,8.727302504846019,21.23387325701635,3
32.262228857614915,49.76321366876669,34.84666518503464,8.419335667918087,81.47895962944649,3
35.770155058463665,30.06829181127206,65.42673729400173,1.8610141784627732,34.819081142622125,2
37.959706736492365,62.81841528093664,9.616724429648675,8.026433097957105,88.93815229163701,2
29.999855137336517,12.994868985032884,43.559127836867965,4.581868867378926,94.96378844428581,3
35.709416642774094,10.635333630185658,0.46069283984972564,4.829688720853552,23.391637246460405,2
34.28237229346231,59.61415671527025,25.966866392021622,1.3347997241594378,51.640804455885416,1
44.73821434620264,42.161848715464885,29.316922789711832,0.8060151375712465,98.28886403464166,2
16.499730551268108,56.6301797320802,31.69381532874043,7.279393069737652,53.506669237583196,1
24.271785256543602,37.61205039528097,55.63737653518898,4.964611523552998,87.71927702630906,2
46.36357897452643,23.480152492933012,31.084648101627657,4.3685070261517955,62.985836991818786,3
44.378704868400234,66.43267382556498,35.895489809802456,7.295082286523967,43.77969171276417,2
30.036672841928528,64.95619092267344,19.0035304699462,7.6551289899110975,35.72051999732832,1
35.464375727450715,57.10223531408201,29.860143330347206,1.5890816766935356,28.290078197747853,1
24.15357903837738,25.4108852922472,18.181570181052116,6.102251494776413,78.56183722399275,2
21.207998270884122,49.26730001518153,5.855673901475491,1.3535408227768553,44.78864561407251,0
30.302047363019412,32.073042270502015,48.275887470510234,7.513750860290457,56.0147915980676,3
26.660623524859744,11.86865549949756,53.4570238844013,6.569551562671395,54.309293200106374,3
34.26065169107878,73.7985181596682,49.55922768076916,9.56614621083458,61.95511263098181,2
17.565243019844498,15.261397318922105,37.07952350404579,0.6895801635642118,87.9019431062097,1
47.155028652983496,76.26780153656019,30.382862414338383,0.5705472115125432,98.26654092250864,1
47.54495456782689,38.45043297184668,69.06669196574602,2.8218707469320012,46.68257877164353,3
